doc_id,pmid,doi,study_type,population_text,intervention_text,comparator_text,outcome_text,effect_direction,effect_size,sample_size,risk_flags,source_system,evidence_refs,gold_confidence_score,claim_spans
ABST_0001,38000001,10.1016/j.cell.2025.969,Cohort,Adults with EGFR-mutated NSCLC,EGFR Mutation / Osimertinib,biomarker-negative cohort,progression-free survival,benefit,HR=0.66 (95% CI 0.56-0.77),285,preprint; industry funded,medRxiv_Preprint,10.1016/j.cell.2025.969; local_note_draft,50,"In 285 patients with EGFR-mutated NSCLC, EGFR Mutation / Osimertinib demonstrated significant progression-free survival vs biomarker-negative cohort (HR=0.66 (95% CI 0.56-0.77))."
ABST_0002,38000002,10.1016/j.cell.2025.371,RCT,Adults with metastatic NSCLC,PD-L1 / Pembrolizumab,standard chemotherapy,overall survival,no-effect,mean diff = 0.05 (p=0.42),542,randomization reported; blinding reported,EHR_Oncology_Registry,10.1016/j.cell.2025.371,80,"In 542 patients with metastatic NSCLC, PD-L1 / Pembrolizumab demonstrated significant overall survival vs standard chemotherapy (mean diff = 0.05 (p=0.42))."
ABST_0003,38000003,10.1016/j.cell.2025.403,RCT,Adults with ALK-positive advanced NSCLC,ALK Rearrangement / Alectinib,standard chemotherapy,progression-free survival,benefit,HR=0.74 (95% CI 0.64-0.85),312,randomization reported; blinding reported; preprint; single-center,medRxiv_Preprint,10.1016/j.cell.2025.403; local_note_draft,65,"In 312 patients with ALK-positive advanced NSCLC, ALK Rearrangement / Alectinib demonstrated significant progression-free survival vs standard chemotherapy (HR=0.74 (95% CI 0.64-0.85))."
ABST_0004,38000004,,RCT,Adults with HER2+ metastatic breast cancer,HER2 Overexpression / Trastuzumab,standard chemotherapy,objective response rate,harm,HR=1.45 (95% CI 1.12-1.88),320,randomization reported; blinding reported; industry funded,EHR_Oncology_Registry,,65,"In 320 patients with HER2+ metastatic breast cancer, HER2 Overexpression / Trastuzumab demonstrated significant objective response rate vs standard chemotherapy (HR=1.45 (95% CI 1.12-1.88))."
ABST_0005,38000005,10.1016/j.cell.2025.683,Cohort,Adults with EGFR-mutated NSCLC,EGFR Mutation / Osimertinib,biomarker-negative cohort,progression-free survival,benefit,HR=0.71 (95% CI 0.61-0.82),294,preprint,medRxiv_Preprint,10.1016/j.cell.2025.683; local_note_draft,50,"In 294 patients with EGFR-mutated NSCLC, EGFR Mutation / Osimertinib demonstrated significant progression-free survival vs biomarker-negative cohort (HR=0.71 (95% CI 0.61-0.82))."
ABST_0006,38000006,10.1016/j.cell.2025.309,Cohort,Adults with unresectable BRAF-mutated melanoma,BRAF V600E / Dabrafenib + Trametinib,biomarker-negative cohort,overall survival,benefit,HR=0.6 (95% CI 0.5-0.71),147,none,EHR_Oncology_Registry,10.1016/j.cell.2025.309,65,"In 147 patients with unresectable BRAF-mutated melanoma, BRAF V600E / Dabrafenib + Trametinib demonstrated significant overall survival vs biomarker-negative cohort (HR=0.6 (95% CI 0.5-0.71))."
ABST_0007,38000007,10.1016/j.cell.2025.174,Systematic-Review,Adults with unresectable BRAF-mutated melanoma,BRAF V600E / Dabrafenib + Trametinib,standard of care / control,overall survival,benefit,HR=0.71 (95% CI 0.61-0.82),10724,industry funded,Cochrane_Guideline_Repo,10.1016/j.cell.2025.174,100,"In 10724 patients with unresectable BRAF-mutated melanoma, BRAF V600E / Dabrafenib + Trametinib demonstrated significant overall survival vs standard of care / control (HR=0.71 (95% CI 0.61-0.82))."
ABST_0008,38000008,10.1016/j.cell.2025.235,RCT,Adults with high-grade serous ovarian cancer,BRCA1/2 Mutation / Olaparib,standard chemotherapy,progression-free survival,harm,HR=1.45 (95% CI 1.12-1.88),1150,randomization reported,EHR_Oncology_Registry,10.1016/j.cell.2025.235,80,"In 1150 patients with high-grade serous ovarian cancer, BRCA1/2 Mutation / Olaparib demonstrated significant progression-free survival vs standard chemotherapy (HR=1.45 (95% CI 1.12-1.88))."
ABST_0009,38000009,10.1016/j.cell.2025.926,RCT,Adults with KRAS G12C advanced NSCLC,KRAS G12C Mutation / Sotorasib,standard chemotherapy,overall survival,benefit,HR=0.77 (95% CI 0.67-0.88),556,randomization reported; blinding reported; single-center,EHR_Oncology_Registry,10.1016/j.cell.2025.926,80,"In 556 patients with KRAS G12C advanced NSCLC, KRAS G12C Mutation / Sotorasib demonstrated significant overall survival vs standard chemotherapy (HR=0.77 (95% CI 0.67-0.88))."
ABST_0010,38000010,,RCT,Adults with KRAS G12C advanced NSCLC,KRAS G12C Mutation / Sotorasib,standard chemotherapy,overall survival,benefit,HR=0.6 (95% CI 0.5-0.71),869,randomization reported; preprint,medRxiv_Preprint,local_note_draft,50,"In 869 patients with KRAS G12C advanced NSCLC, KRAS G12C Mutation / Sotorasib demonstrated significant overall survival vs standard chemotherapy (HR=0.6 (95% CI 0.5-0.71))."
ABST_0011,38000011,10.1016/j.cell.2025.357,RCT,Adults with KRAS G12C advanced NSCLC,KRAS G12C Mutation / Sotorasib,standard chemotherapy,overall survival,no-effect,mean diff = 0.05 (p=0.42),344,randomization reported; blinding reported; industry funded,EHR_Oncology_Registry,10.1016/j.cell.2025.357,80,"In 344 patients with KRAS G12C advanced NSCLC, KRAS G12C Mutation / Sotorasib demonstrated significant overall survival vs standard chemotherapy (mean diff = 0.05 (p=0.42))."
ABST_0012,38000012,10.1016/j.cell.2025.752,Cohort,Adults with unresectable BRAF-mutated melanoma,BRAF V600E / Dabrafenib + Trametinib,biomarker-negative cohort,overall survival,benefit,HR=0.65 (95% CI 0.55-0.76),441,industry funded,EHR_Oncology_Registry,10.1016/j.cell.2025.752,65,"In 441 patients with unresectable BRAF-mutated melanoma, BRAF V600E / Dabrafenib + Trametinib demonstrated significant overall survival vs biomarker-negative cohort (HR=0.65 (95% CI 0.55-0.76))."
ABST_0013,38000013,10.1016/j.cell.2025.807,RCT,Adults with EGFR-mutated NSCLC,EGFR Mutation / Osimertinib,standard chemotherapy,progression-free survival,benefit,HR=0.77 (95% CI 0.67-0.88),846,randomization reported; blinding reported; industry funded,EHR_Oncology_Registry,10.1016/j.cell.2025.807,80,"In 846 patients with EGFR-mutated NSCLC, EGFR Mutation / Osimertinib demonstrated significant progression-free survival vs standard chemotherapy (HR=0.77 (95% CI 0.67-0.88))."
ABST_0014,38000014,10.1016/j.cell.2025.915,RCT,Adults with unresectable BRAF-mutated melanoma,BRAF V600E / Dabrafenib + Trametinib,standard chemotherapy,overall survival,benefit,HR=0.63 (95% CI 0.53-0.74),948,randomization reported; single-center,EHR_Oncology_Registry,10.1016/j.cell.2025.915,80,"In 948 patients with unresectable BRAF-mutated melanoma, BRAF V600E / Dabrafenib + Trametinib demonstrated significant overall survival vs standard chemotherapy (HR=0.63 (95% CI 0.53-0.74))."
ABST_0015,38000015,10.1016/j.cell.2025.867,Cohort,Adults with metastatic colorectal cancer,MSI-H / dMMR / Nivolumab,biomarker-negative cohort,durable response rate,harm,HR=1.45 (95% CI 1.12-1.88),163,preprint,medRxiv_Preprint,10.1016/j.cell.2025.867; local_note_draft,50,"In 163 patients with metastatic colorectal cancer, MSI-H / dMMR / Nivolumab demonstrated significant durable response rate vs biomarker-negative cohort (HR=1.45 (95% CI 1.12-1.88))."
ABST_0016,38000016,,Cohort,Adults with metastatic colorectal cancer,MSI-H / dMMR / Nivolumab,biomarker-negative cohort,durable response rate,benefit,HR=0.8 (95% CI 0.7-0.91),422,none,EHR_Oncology_Registry,,50,"In 422 patients with metastatic colorectal cancer, MSI-H / dMMR / Nivolumab demonstrated significant durable response rate vs biomarker-negative cohort (HR=0.8 (95% CI 0.7-0.91))."
ABST_0017,38000017,10.1016/j.cell.2025.818,RCT,Adults with KRAS G12C advanced NSCLC,KRAS G12C Mutation / Sotorasib,standard chemotherapy,overall survival,harm,HR=1.45 (95% CI 1.12-1.88),1129,randomization reported; blinding reported; preprint; single-center,medRxiv_Preprint,10.1016/j.cell.2025.818; local_note_draft,65,"In 1129 patients with KRAS G12C advanced NSCLC, KRAS G12C Mutation / Sotorasib demonstrated significant overall survival vs standard chemotherapy (HR=1.45 (95% CI 1.12-1.88))."
ABST_0018,38000018,10.1016/j.cell.2025.914,Cohort,Adults with unresectable BRAF-mutated melanoma,BRAF V600E / Dabrafenib + Trametinib,biomarker-negative cohort,overall survival,benefit,HR=0.72 (95% CI 0.62-0.83),284,none,EHR_Oncology_Registry,10.1016/j.cell.2025.914,65,"In 284 patients with unresectable BRAF-mutated melanoma, BRAF V600E / Dabrafenib + Trametinib demonstrated significant overall survival vs biomarker-negative cohort (HR=0.72 (95% CI 0.62-0.83))."
ABST_0019,38000019,10.1016/j.cell.2025.621,Systematic-Review,Adults with KRAS G12C advanced NSCLC,KRAS G12C Mutation / Sotorasib,standard of care / control,overall survival,benefit,HR=0.81 (95% CI 0.71-0.92),10285,industry funded,Cochrane_Guideline_Repo,10.1016/j.cell.2025.621,100,"In 10285 patients with KRAS G12C advanced NSCLC, KRAS G12C Mutation / Sotorasib demonstrated significant overall survival vs standard of care / control (HR=0.81 (95% CI 0.71-0.92))."
ABST_0020,38000020,10.1016/j.cell.2025.371,RCT,Adults with KRAS G12C advanced NSCLC,KRAS G12C Mutation / Sotorasib,standard chemotherapy,overall survival,benefit,HR=0.62 (95% CI 0.52-0.73),1055,randomization reported; blinding reported; preprint,medRxiv_Preprint,10.1016/j.cell.2025.371; local_note_draft,65,"In 1055 patients with KRAS G12C advanced NSCLC, KRAS G12C Mutation / Sotorasib demonstrated significant overall survival vs standard chemotherapy (HR=0.62 (95% CI 0.52-0.73))."
ABST_0021,38000021,10.1016/j.cell.2025.294,Systematic-Review,Adults with metastatic colorectal cancer,MSI-H / dMMR / Nivolumab,standard of care / control,durable response rate,benefit,HR=0.73 (95% CI 0.63-0.84),1527,none,Cochrane_Guideline_Repo,10.1016/j.cell.2025.294,100,"In 1527 patients with metastatic colorectal cancer, MSI-H / dMMR / Nivolumab demonstrated significant durable response rate vs standard of care / control (HR=0.73 (95% CI 0.63-0.84))."
ABST_0022,38000022,10.1016/j.cell.2025.171,Cohort,Adults with high-grade serous ovarian cancer,BRCA1/2 Mutation / Olaparib,biomarker-negative cohort,progression-free survival,harm,HR=1.45 (95% CI 1.12-1.88),399,none,EHR_Oncology_Registry,10.1016/j.cell.2025.171,65,"In 399 patients with high-grade serous ovarian cancer, BRCA1/2 Mutation / Olaparib demonstrated significant progression-free survival vs biomarker-negative cohort (HR=1.45 (95% CI 1.12-1.88))."
ABST_0023,38000023,10.1016/j.cell.2025.782,RCT,Adults with KRAS G12C advanced NSCLC,KRAS G12C Mutation / Sotorasib,standard chemotherapy,overall survival,benefit,HR=0.61 (95% CI 0.51-0.72),380,randomization reported,EHR_Oncology_Registry,10.1016/j.cell.2025.782,80,"In 380 patients with KRAS G12C advanced NSCLC, KRAS G12C Mutation / Sotorasib demonstrated significant overall survival vs standard chemotherapy (HR=0.61 (95% CI 0.51-0.72))."
ABST_0024,38000024,10.1016/j.cell.2025.408,RCT,Adults with HER2+ metastatic breast cancer,HER2 Overexpression / Trastuzumab,standard chemotherapy,objective response rate,no-effect,mean diff = 0.05 (p=0.42),561,randomization reported,EHR_Oncology_Registry,10.1016/j.cell.2025.408,80,"In 561 patients with HER2+ metastatic breast cancer, HER2 Overexpression / Trastuzumab demonstrated significant objective response rate vs standard chemotherapy (mean diff = 0.05 (p=0.42))."
ABST_0025,38000025,10.1016/j.cell.2025.552,Case-Series,Adults with unresectable BRAF-mutated melanoma,BRAF V600E / Dabrafenib + Trametinib,None,overall survival,benefit,HR=0.76 (95% CI 0.66-0.87),25,none,EHR_Oncology_Registry,10.1016/j.cell.2025.552,65,"In 25 patients with unresectable BRAF-mutated melanoma, BRAF V600E / Dabrafenib + Trametinib demonstrated significant overall survival vs None (HR=0.76 (95% CI 0.66-0.87))."
ABST_0026,38000026,,RCT,Adults with unresectable BRAF-mutated melanoma,BRAF V600E / Dabrafenib + Trametinib,standard chemotherapy,overall survival,benefit,HR=0.61 (95% CI 0.51-0.72),1075,randomization reported; single-center; industry funded,EHR_Oncology_Registry,,65,"In 1075 patients with unresectable BRAF-mutated melanoma, BRAF V600E / Dabrafenib + Trametinib demonstrated significant overall survival vs standard chemotherapy (HR=0.61 (95% CI 0.51-0.72))."
ABST_0027,38000027,10.1016/j.cell.2025.886,RCT,Adults with ALK-positive advanced NSCLC,ALK Rearrangement / Alectinib,standard chemotherapy,progression-free survival,benefit,HR=0.71 (95% CI 0.61-0.82),449,randomization reported; blinding reported; preprint,medRxiv_Preprint,10.1016/j.cell.2025.886; local_note_draft,65,"In 449 patients with ALK-positive advanced NSCLC, ALK Rearrangement / Alectinib demonstrated significant progression-free survival vs standard chemotherapy (HR=0.71 (95% CI 0.61-0.82))."
ABST_0028,38000028,10.1016/j.cell.2025.105,RCT,Adults with HER2+ metastatic breast cancer,HER2 Overexpression / Trastuzumab,standard chemotherapy,objective response rate,harm,HR=1.45 (95% CI 1.12-1.88),1156,randomization reported; industry funded,EHR_Oncology_Registry,10.1016/j.cell.2025.105,80,"In 1156 patients with HER2+ metastatic breast cancer, HER2 Overexpression / Trastuzumab demonstrated significant objective response rate vs standard chemotherapy (HR=1.45 (95% CI 1.12-1.88))."
ABST_0029,38000029,,Systematic-Review,Adults with ALK-positive advanced NSCLC,ALK Rearrangement / Alectinib,standard of care / control,progression-free survival,benefit,HR=0.77 (95% CI 0.67-0.88),8978,single-center,Cochrane_Guideline_Repo,,85,"In 8978 patients with ALK-positive advanced NSCLC, ALK Rearrangement / Alectinib demonstrated significant progression-free survival vs standard of care / control (HR=0.77 (95% CI 0.67-0.88))."
ABST_0030,38000030,10.1016/j.cell.2025.553,Cohort,Adults with unresectable BRAF-mutated melanoma,BRAF V600E / Dabrafenib + Trametinib,biomarker-negative cohort,overall survival,no-effect,mean diff = 0.05 (p=0.42),338,none,EHR_Oncology_Registry,10.1016/j.cell.2025.553,65,"In 338 patients with unresectable BRAF-mutated melanoma, BRAF V600E / Dabrafenib + Trametinib demonstrated significant overall survival vs biomarker-negative cohort (mean diff = 0.05 (p=0.42))."
ABST_0031,38000031,10.1016/j.cell.2025.861,Systematic-Review,Adults with ALK-positive advanced NSCLC,ALK Rearrangement / Alectinib,standard of care / control,progression-free survival,harm,HR=1.45 (95% CI 1.12-1.88),8873,industry funded,Cochrane_Guideline_Repo,10.1016/j.cell.2025.861,100,"In 8873 patients with ALK-positive advanced NSCLC, ALK Rearrangement / Alectinib demonstrated significant progression-free survival vs standard of care / control (HR=1.45 (95% CI 1.12-1.88))."
ABST_0032,38000032,10.1016/j.cell.2025.633,Cohort,Adults with KRAS G12C advanced NSCLC,KRAS G12C Mutation / Sotorasib,biomarker-negative cohort,overall survival,benefit,HR=0.65 (95% CI 0.55-0.76),445,none,EHR_Oncology_Registry,10.1016/j.cell.2025.633,65,"In 445 patients with KRAS G12C advanced NSCLC, KRAS G12C Mutation / Sotorasib demonstrated significant overall survival vs biomarker-negative cohort (HR=0.65 (95% CI 0.55-0.76))."
ABST_0033,38000033,10.1016/j.cell.2025.182,Cohort,Adults with unresectable BRAF-mutated melanoma,BRAF V600E / Dabrafenib + Trametinib,biomarker-negative cohort,overall survival,benefit,HR=0.73 (95% CI 0.63-0.84),441,preprint,medRxiv_Preprint,10.1016/j.cell.2025.182; local_note_draft,50,"In 441 patients with unresectable BRAF-mutated melanoma, BRAF V600E / Dabrafenib + Trametinib demonstrated significant overall survival vs biomarker-negative cohort (HR=0.73 (95% CI 0.63-0.84))."
ABST_0034,38000034,10.1016/j.cell.2025.525,Case-Series,Adults with unresectable BRAF-mutated melanoma,BRAF V600E / Dabrafenib + Trametinib,None,overall survival,no-effect,mean diff = 0.05 (p=0.42),39,preprint,medRxiv_Preprint,10.1016/j.cell.2025.525; local_note_draft,50,"In 39 patients with unresectable BRAF-mutated melanoma, BRAF V600E / Dabrafenib + Trametinib demonstrated significant overall survival vs None (mean diff = 0.05 (p=0.42))."
ABST_0035,38000035,10.1016/j.cell.2025.883,RCT,Adults with metastatic NSCLC,PD-L1 / Pembrolizumab,standard chemotherapy,overall survival,benefit,HR=0.8 (95% CI 0.7-0.91),555,randomization reported; blinding reported,EHR_Oncology_Registry,10.1016/j.cell.2025.883,80,"In 555 patients with metastatic NSCLC, PD-L1 / Pembrolizumab demonstrated significant overall survival vs standard chemotherapy (HR=0.8 (95% CI 0.7-0.91))."
ABST_0036,38000036,10.1016/j.cell.2025.852,Cohort,Adults with metastatic colorectal cancer,MSI-H / dMMR / Nivolumab,biomarker-negative cohort,durable response rate,benefit,HR=0.59 (95% CI 0.49-0.7),192,none,EHR_Oncology_Registry,10.1016/j.cell.2025.852,65,"In 192 patients with metastatic colorectal cancer, MSI-H / dMMR / Nivolumab demonstrated significant durable response rate vs biomarker-negative cohort (HR=0.59 (95% CI 0.49-0.7))."
ABST_0037,38000037,10.1016/j.cell.2025.795,Systematic-Review,Adults with metastatic colorectal cancer,MSI-H / dMMR / Nivolumab,standard of care / control,durable response rate,no-effect,mean diff = 0.05 (p=0.42),4204,none,Cochrane_Guideline_Repo,10.1016/j.cell.2025.795,100,"In 4204 patients with metastatic colorectal cancer, MSI-H / dMMR / Nivolumab demonstrated significant durable response rate vs standard of care / control (mean diff = 0.05 (p=0.42))."
ABST_0038,38000038,10.1016/j.cell.2025.706,Cohort,Adults with metastatic NSCLC,PD-L1 / Pembrolizumab,biomarker-negative cohort,overall survival,benefit,HR=0.71 (95% CI 0.61-0.82),149,industry funded,EHR_Oncology_Registry,10.1016/j.cell.2025.706,65,"In 149 patients with metastatic NSCLC, PD-L1 / Pembrolizumab demonstrated significant overall survival vs biomarker-negative cohort (HR=0.71 (95% CI 0.61-0.82))."
ABST_0039,38000039,10.1016/j.cell.2025.316,Systematic-Review,Adults with KRAS G12C advanced NSCLC,KRAS G12C Mutation / Sotorasib,standard of care / control,overall survival,benefit,HR=0.62 (95% CI 0.52-0.73),7711,none,Cochrane_Guideline_Repo,10.1016/j.cell.2025.316,100,"In 7711 patients with KRAS G12C advanced NSCLC, KRAS G12C Mutation / Sotorasib demonstrated significant overall survival vs standard of care / control (HR=0.62 (95% CI 0.52-0.73))."
ABST_0040,38000040,10.1016/j.cell.2025.183,Cohort,Adults with metastatic colorectal cancer,MSI-H / dMMR / Nivolumab,biomarker-negative cohort,durable response rate,no-effect,mean diff = 0.05 (p=0.42),106,none,EHR_Oncology_Registry,10.1016/j.cell.2025.183,65,"In 106 patients with metastatic colorectal cancer, MSI-H / dMMR / Nivolumab demonstrated significant durable response rate vs biomarker-negative cohort (mean diff = 0.05 (p=0.42))."
ABST_0041,38000041,10.1016/j.cell.2025.767,Cohort,Adults with EGFR-mutated NSCLC,EGFR Mutation / Osimertinib,biomarker-negative cohort,progression-free survival,benefit,HR=0.59 (95% CI 0.49-0.7),90,preprint; industry funded,medRxiv_Preprint,10.1016/j.cell.2025.767; local_note_draft,50,"In 90 patients with EGFR-mutated NSCLC, EGFR Mutation / Osimertinib demonstrated significant progression-free survival vs biomarker-negative cohort (HR=0.59 (95% CI 0.49-0.7))."
ABST_0042,38000042,10.1016/j.cell.2025.677,RCT,Adults with ALK-positive advanced NSCLC,ALK Rearrangement / Alectinib,standard chemotherapy,progression-free survival,benefit,HR=0.6 (95% CI 0.5-0.71),627,randomization reported,EHR_Oncology_Registry,10.1016/j.cell.2025.677,80,"In 627 patients with ALK-positive advanced NSCLC, ALK Rearrangement / Alectinib demonstrated significant progression-free survival vs standard chemotherapy (HR=0.6 (95% CI 0.5-0.71))."
ABST_0043,38000043,10.1016/j.cell.2025.267,RCT,Adults with EGFR-mutated NSCLC,EGFR Mutation / Osimertinib,standard chemotherapy,progression-free survival,benefit,HR=0.53 (95% CI 0.43-0.64),569,randomization reported; blinding reported,EHR_Oncology_Registry,10.1016/j.cell.2025.267,80,"In 569 patients with EGFR-mutated NSCLC, EGFR Mutation / Osimertinib demonstrated significant progression-free survival vs standard chemotherapy (HR=0.53 (95% CI 0.43-0.64))."
ABST_0044,38000044,,RCT,Adults with high-grade serous ovarian cancer,BRCA1/2 Mutation / Olaparib,standard chemotherapy,progression-free survival,benefit,HR=0.55 (95% CI 0.45-0.66),1041,randomization reported; blinding reported,EHR_Oncology_Registry,,65,"In 1041 patients with high-grade serous ovarian cancer, BRCA1/2 Mutation / Olaparib demonstrated significant progression-free survival vs standard chemotherapy (HR=0.55 (95% CI 0.45-0.66))."
ABST_0045,38000045,10.1016/j.cell.2025.538,RCT,Adults with metastatic NSCLC,PD-L1 / Pembrolizumab,standard chemotherapy,overall survival,benefit,HR=0.71 (95% CI 0.61-0.82),262,randomization reported; blinding reported; industry funded,EHR_Oncology_Registry,10.1016/j.cell.2025.538,80,"In 262 patients with metastatic NSCLC, PD-L1 / Pembrolizumab demonstrated significant overall survival vs standard chemotherapy (HR=0.71 (95% CI 0.61-0.82))."
ABST_0046,38000046,10.1016/j.cell.2025.948,RCT,Adults with unresectable BRAF-mutated melanoma,BRAF V600E / Dabrafenib + Trametinib,standard chemotherapy,overall survival,benefit,HR=0.57 (95% CI 0.47-0.68),784,randomization reported; blinding reported,EHR_Oncology_Registry,10.1016/j.cell.2025.948,80,"In 784 patients with unresectable BRAF-mutated melanoma, BRAF V600E / Dabrafenib + Trametinib demonstrated significant overall survival vs standard chemotherapy (HR=0.57 (95% CI 0.47-0.68))."
ABST_0047,38000047,10.1016/j.cell.2025.945,RCT,Adults with ALK-positive advanced NSCLC,ALK Rearrangement / Alectinib,standard chemotherapy,progression-free survival,benefit,HR=0.78 (95% CI 0.68-0.89),1100,randomization reported; blinding reported,EHR_Oncology_Registry,10.1016/j.cell.2025.945,80,"In 1100 patients with ALK-positive advanced NSCLC, ALK Rearrangement / Alectinib demonstrated significant progression-free survival vs standard chemotherapy (HR=0.78 (95% CI 0.68-0.89))."
ABST_0048,38000048,10.1016/j.cell.2025.784,RCT,Adults with ALK-positive advanced NSCLC,ALK Rearrangement / Alectinib,standard chemotherapy,progression-free survival,benefit,HR=0.78 (95% CI 0.68-0.89),436,randomization reported; blinding reported,EHR_Oncology_Registry,10.1016/j.cell.2025.784,80,"In 436 patients with ALK-positive advanced NSCLC, ALK Rearrangement / Alectinib demonstrated significant progression-free survival vs standard chemotherapy (HR=0.78 (95% CI 0.68-0.89))."
ABST_0049,38000049,10.1016/j.cell.2025.818,Cohort,Adults with KRAS G12C advanced NSCLC,KRAS G12C Mutation / Sotorasib,biomarker-negative cohort,overall survival,benefit,HR=0.67 (95% CI 0.57-0.78),177,single-center,EHR_Oncology_Registry,10.1016/j.cell.2025.818,65,"In 177 patients with KRAS G12C advanced NSCLC, KRAS G12C Mutation / Sotorasib demonstrated significant overall survival vs biomarker-negative cohort (HR=0.67 (95% CI 0.57-0.78))."
ABST_0050,38000050,10.1016/j.cell.2025.346,RCT,Adults with ALK-positive advanced NSCLC,ALK Rearrangement / Alectinib,standard chemotherapy,progression-free survival,benefit,HR=0.67 (95% CI 0.57-0.78),1061,randomization reported,EHR_Oncology_Registry,10.1016/j.cell.2025.346,80,"In 1061 patients with ALK-positive advanced NSCLC, ALK Rearrangement / Alectinib demonstrated significant progression-free survival vs standard chemotherapy (HR=0.67 (95% CI 0.57-0.78))."
ABST_0051,38000051,10.1016/j.cell.2025.695,RCT,Adults with high-grade serous ovarian cancer,BRCA1/2 Mutation / Olaparib,standard chemotherapy,progression-free survival,benefit,HR=0.62 (95% CI 0.52-0.73),1013,randomization reported; blinding reported,EHR_Oncology_Registry,10.1016/j.cell.2025.695,80,"In 1013 patients with high-grade serous ovarian cancer, BRCA1/2 Mutation / Olaparib demonstrated significant progression-free survival vs standard chemotherapy (HR=0.62 (95% CI 0.52-0.73))."
ABST_0052,38000052,10.1016/j.cell.2025.223,RCT,Adults with KRAS G12C advanced NSCLC,KRAS G12C Mutation / Sotorasib,standard chemotherapy,overall survival,benefit,HR=0.74 (95% CI 0.64-0.85),1030,randomization reported; blinding reported; single-center,EHR_Oncology_Registry,10.1016/j.cell.2025.223,80,"In 1030 patients with KRAS G12C advanced NSCLC, KRAS G12C Mutation / Sotorasib demonstrated significant overall survival vs standard chemotherapy (HR=0.74 (95% CI 0.64-0.85))."
ABST_0053,38000053,10.1016/j.cell.2025.878,RCT,Adults with KRAS G12C advanced NSCLC,KRAS G12C Mutation / Sotorasib,standard chemotherapy,overall survival,benefit,HR=0.55 (95% CI 0.45-0.66),448,randomization reported,EHR_Oncology_Registry,10.1016/j.cell.2025.878,80,"In 448 patients with KRAS G12C advanced NSCLC, KRAS G12C Mutation / Sotorasib demonstrated significant overall survival vs standard chemotherapy (HR=0.55 (95% CI 0.45-0.66))."
ABST_0054,38000054,10.1016/j.cell.2025.155,Case-Series,Adults with HER2+ metastatic breast cancer,HER2 Overexpression / Trastuzumab,None,objective response rate,benefit,HR=0.56 (95% CI 0.46-0.67),46,single-center; industry funded,EHR_Oncology_Registry,10.1016/j.cell.2025.155,65,"In 46 patients with HER2+ metastatic breast cancer, HER2 Overexpression / Trastuzumab demonstrated significant objective response rate vs None (HR=0.56 (95% CI 0.46-0.67))."
ABST_0055,38000055,10.1016/j.cell.2025.551,Cohort,Adults with KRAS G12C advanced NSCLC,KRAS G12C Mutation / Sotorasib,biomarker-negative cohort,overall survival,harm,HR=1.45 (95% CI 1.12-1.88),209,none,EHR_Oncology_Registry,10.1016/j.cell.2025.551,65,"In 209 patients with KRAS G12C advanced NSCLC, KRAS G12C Mutation / Sotorasib demonstrated significant overall survival vs biomarker-negative cohort (HR=1.45 (95% CI 1.12-1.88))."
ABST_0056,38000056,10.1016/j.cell.2025.175,Cohort,Adults with EGFR-mutated NSCLC,EGFR Mutation / Osimertinib,biomarker-negative cohort,progression-free survival,benefit,HR=0.57 (95% CI 0.47-0.68),368,industry funded,EHR_Oncology_Registry,10.1016/j.cell.2025.175,65,"In 368 patients with EGFR-mutated NSCLC, EGFR Mutation / Osimertinib demonstrated significant progression-free survival vs biomarker-negative cohort (HR=0.57 (95% CI 0.47-0.68))."
ABST_0057,38000057,,RCT,Adults with high-grade serous ovarian cancer,BRCA1/2 Mutation / Olaparib,standard chemotherapy,progression-free survival,benefit,HR=0.76 (95% CI 0.66-0.87),481,randomization reported; blinding reported,EHR_Oncology_Registry,,65,"In 481 patients with high-grade serous ovarian cancer, BRCA1/2 Mutation / Olaparib demonstrated significant progression-free survival vs standard chemotherapy (HR=0.76 (95% CI 0.66-0.87))."
ABST_0058,38000058,10.1016/j.cell.2025.539,Cohort,Adults with KRAS G12C advanced NSCLC,KRAS G12C Mutation / Sotorasib,biomarker-negative cohort,overall survival,benefit,HR=0.7 (95% CI 0.6-0.81),130,industry funded,EHR_Oncology_Registry,10.1016/j.cell.2025.539,65,"In 130 patients with KRAS G12C advanced NSCLC, KRAS G12C Mutation / Sotorasib demonstrated significant overall survival vs biomarker-negative cohort (HR=0.7 (95% CI 0.6-0.81))."
ABST_0059,38000059,10.1016/j.cell.2025.183,RCT,Adults with high-grade serous ovarian cancer,BRCA1/2 Mutation / Olaparib,standard chemotherapy,progression-free survival,benefit,HR=0.54 (95% CI 0.44-0.65),252,randomization reported; blinding reported; preprint,medRxiv_Preprint,10.1016/j.cell.2025.183; local_note_draft,65,"In 252 patients with high-grade serous ovarian cancer, BRCA1/2 Mutation / Olaparib demonstrated significant progression-free survival vs standard chemotherapy (HR=0.54 (95% CI 0.44-0.65))."
ABST_0060,38000060,10.1016/j.cell.2025.823,RCT,Adults with metastatic NSCLC,PD-L1 / Pembrolizumab,standard chemotherapy,overall survival,harm,HR=1.45 (95% CI 1.12-1.88),322,randomization reported; blinding reported; preprint,medRxiv_Preprint,10.1016/j.cell.2025.823; local_note_draft,65,"In 322 patients with metastatic NSCLC, PD-L1 / Pembrolizumab demonstrated significant overall survival vs standard chemotherapy (HR=1.45 (95% CI 1.12-1.88))."
ABST_0061,38000061,10.1016/j.cell.2025.657,Case-Series,Adults with high-grade serous ovarian cancer,BRCA1/2 Mutation / Olaparib,None,progression-free survival,benefit,HR=0.6 (95% CI 0.5-0.71),24,preprint; single-center; industry funded,medRxiv_Preprint,10.1016/j.cell.2025.657; local_note_draft,50,"In 24 patients with high-grade serous ovarian cancer, BRCA1/2 Mutation / Olaparib demonstrated significant progression-free survival vs None (HR=0.6 (95% CI 0.5-0.71))."
ABST_0062,38000062,10.1016/j.cell.2025.944,Cohort,Adults with KRAS G12C advanced NSCLC,KRAS G12C Mutation / Sotorasib,biomarker-negative cohort,overall survival,benefit,HR=0.56 (95% CI 0.46-0.67),432,none,EHR_Oncology_Registry,10.1016/j.cell.2025.944,65,"In 432 patients with KRAS G12C advanced NSCLC, KRAS G12C Mutation / Sotorasib demonstrated significant overall survival vs biomarker-negative cohort (HR=0.56 (95% CI 0.46-0.67))."
ABST_0063,38000063,10.1016/j.cell.2025.605,Cohort,Adults with KRAS G12C advanced NSCLC,KRAS G12C Mutation / Sotorasib,biomarker-negative cohort,overall survival,benefit,HR=0.79 (95% CI 0.69-0.9),245,industry funded,EHR_Oncology_Registry,10.1016/j.cell.2025.605,65,"In 245 patients with KRAS G12C advanced NSCLC, KRAS G12C Mutation / Sotorasib demonstrated significant overall survival vs biomarker-negative cohort (HR=0.79 (95% CI 0.69-0.9))."
ABST_0064,38000064,10.1016/j.cell.2025.956,Cohort,Adults with high-grade serous ovarian cancer,BRCA1/2 Mutation / Olaparib,biomarker-negative cohort,progression-free survival,benefit,HR=0.53 (95% CI 0.43-0.64),424,none,EHR_Oncology_Registry,10.1016/j.cell.2025.956,65,"In 424 patients with high-grade serous ovarian cancer, BRCA1/2 Mutation / Olaparib demonstrated significant progression-free survival vs biomarker-negative cohort (HR=0.53 (95% CI 0.43-0.64))."
ABST_0065,38000065,10.1016/j.cell.2025.767,Systematic-Review,Adults with HER2+ metastatic breast cancer,HER2 Overexpression / Trastuzumab,standard of care / control,objective response rate,benefit,HR=0.6 (95% CI 0.5-0.71),11090,none,Cochrane_Guideline_Repo,10.1016/j.cell.2025.767,100,"In 11090 patients with HER2+ metastatic breast cancer, HER2 Overexpression / Trastuzumab demonstrated significant objective response rate vs standard of care / control (HR=0.6 (95% CI 0.5-0.71))."
ABST_0066,38000066,10.1016/j.cell.2025.518,Systematic-Review,Adults with EGFR-mutated NSCLC,EGFR Mutation / Osimertinib,standard of care / control,progression-free survival,benefit,HR=0.72 (95% CI 0.62-0.83),4134,none,Cochrane_Guideline_Repo,10.1016/j.cell.2025.518,100,"In 4134 patients with EGFR-mutated NSCLC, EGFR Mutation / Osimertinib demonstrated significant progression-free survival vs standard of care / control (HR=0.72 (95% CI 0.62-0.83))."
ABST_0067,38000067,10.1016/j.cell.2025.510,RCT,Adults with KRAS G12C advanced NSCLC,KRAS G12C Mutation / Sotorasib,standard chemotherapy,overall survival,benefit,HR=0.66 (95% CI 0.56-0.77),572,randomization reported; single-center,EHR_Oncology_Registry,10.1016/j.cell.2025.510,80,"In 572 patients with KRAS G12C advanced NSCLC, KRAS G12C Mutation / Sotorasib demonstrated significant overall survival vs standard chemotherapy (HR=0.66 (95% CI 0.56-0.77))."
ABST_0068,38000068,10.1016/j.cell.2025.655,RCT,Adults with metastatic NSCLC,PD-L1 / Pembrolizumab,standard chemotherapy,overall survival,benefit,HR=0.68 (95% CI 0.58-0.79),887,randomization reported; blinding reported,EHR_Oncology_Registry,10.1016/j.cell.2025.655,80,"In 887 patients with metastatic NSCLC, PD-L1 / Pembrolizumab demonstrated significant overall survival vs standard chemotherapy (HR=0.68 (95% CI 0.58-0.79))."
ABST_0069,38000069,10.1016/j.cell.2025.234,RCT,Adults with high-grade serous ovarian cancer,BRCA1/2 Mutation / Olaparib,standard chemotherapy,progression-free survival,benefit,HR=0.73 (95% CI 0.63-0.84),374,randomization reported,EHR_Oncology_Registry,10.1016/j.cell.2025.234,80,"In 374 patients with high-grade serous ovarian cancer, BRCA1/2 Mutation / Olaparib demonstrated significant progression-free survival vs standard chemotherapy (HR=0.73 (95% CI 0.63-0.84))."
ABST_0070,38000070,10.1016/j.cell.2025.114,RCT,Adults with HER2+ metastatic breast cancer,HER2 Overexpression / Trastuzumab,standard chemotherapy,objective response rate,benefit,HR=0.82 (95% CI 0.72-0.93),1184,randomization reported,EHR_Oncology_Registry,10.1016/j.cell.2025.114,80,"In 1184 patients with HER2+ metastatic breast cancer, HER2 Overexpression / Trastuzumab demonstrated significant objective response rate vs standard chemotherapy (HR=0.82 (95% CI 0.72-0.93))."
ABST_0071,38000071,10.1016/j.cell.2025.833,RCT,Adults with HER2+ metastatic breast cancer,HER2 Overexpression / Trastuzumab,standard chemotherapy,objective response rate,no-effect,mean diff = 0.05 (p=0.42),675,randomization reported; blinding reported; preprint; industry funded,medRxiv_Preprint,10.1016/j.cell.2025.833; local_note_draft,65,"In 675 patients with HER2+ metastatic breast cancer, HER2 Overexpression / Trastuzumab demonstrated significant objective response rate vs standard chemotherapy (mean diff = 0.05 (p=0.42))."
ABST_0072,38000072,10.1016/j.cell.2025.713,Case-Series,Adults with HER2+ metastatic breast cancer,HER2 Overexpression / Trastuzumab,None,objective response rate,harm,HR=1.45 (95% CI 1.12-1.88),19,none,EHR_Oncology_Registry,10.1016/j.cell.2025.713,65,"In 19 patients with HER2+ metastatic breast cancer, HER2 Overexpression / Trastuzumab demonstrated significant objective response rate vs None (HR=1.45 (95% CI 1.12-1.88))."
ABST_0073,38000073,10.1016/j.cell.2025.906,Systematic-Review,Adults with metastatic colorectal cancer,MSI-H / dMMR / Nivolumab,standard of care / control,durable response rate,benefit,HR=0.77 (95% CI 0.67-0.88),6134,none,Cochrane_Guideline_Repo,10.1016/j.cell.2025.906,100,"In 6134 patients with metastatic colorectal cancer, MSI-H / dMMR / Nivolumab demonstrated significant durable response rate vs standard of care / control (HR=0.77 (95% CI 0.67-0.88))."
ABST_0074,38000074,10.1016/j.cell.2025.557,RCT,Adults with ALK-positive advanced NSCLC,ALK Rearrangement / Alectinib,standard chemotherapy,progression-free survival,benefit,HR=0.69 (95% CI 0.59-0.8),806,randomization reported; blinding reported,EHR_Oncology_Registry,10.1016/j.cell.2025.557,80,"In 806 patients with ALK-positive advanced NSCLC, ALK Rearrangement / Alectinib demonstrated significant progression-free survival vs standard chemotherapy (HR=0.69 (95% CI 0.59-0.8))."
ABST_0075,38000075,10.1016/j.cell.2025.339,Cohort,Adults with high-grade serous ovarian cancer,BRCA1/2 Mutation / Olaparib,biomarker-negative cohort,progression-free survival,benefit,HR=0.62 (95% CI 0.52-0.73),322,none,EHR_Oncology_Registry,10.1016/j.cell.2025.339,65,"In 322 patients with high-grade serous ovarian cancer, BRCA1/2 Mutation / Olaparib demonstrated significant progression-free survival vs biomarker-negative cohort (HR=0.62 (95% CI 0.52-0.73))."
ABST_0076,38000076,10.1016/j.cell.2025.911,RCT,Adults with metastatic colorectal cancer,MSI-H / dMMR / Nivolumab,standard chemotherapy,durable response rate,harm,HR=1.45 (95% CI 1.12-1.88),757,randomization reported; blinding reported; single-center,EHR_Oncology_Registry,10.1016/j.cell.2025.911,80,"In 757 patients with metastatic colorectal cancer, MSI-H / dMMR / Nivolumab demonstrated significant durable response rate vs standard chemotherapy (HR=1.45 (95% CI 1.12-1.88))."
ABST_0077,38000077,10.1016/j.cell.2025.995,Case-Series,Adults with unresectable BRAF-mutated melanoma,BRAF V600E / Dabrafenib + Trametinib,None,overall survival,benefit,HR=0.79 (95% CI 0.69-0.9),15,none,EHR_Oncology_Registry,10.1016/j.cell.2025.995,65,"In 15 patients with unresectable BRAF-mutated melanoma, BRAF V600E / Dabrafenib + Trametinib demonstrated significant overall survival vs None (HR=0.79 (95% CI 0.69-0.9))."
ABST_0078,38000078,,RCT,Adults with HER2+ metastatic breast cancer,HER2 Overexpression / Trastuzumab,standard chemotherapy,objective response rate,benefit,HR=0.71 (95% CI 0.61-0.82),657,randomization reported; blinding reported,EHR_Oncology_Registry,,65,"In 657 patients with HER2+ metastatic breast cancer, HER2 Overexpression / Trastuzumab demonstrated significant objective response rate vs standard chemotherapy (HR=0.71 (95% CI 0.61-0.82))."
ABST_0079,38000079,10.1016/j.cell.2025.741,RCT,Adults with metastatic colorectal cancer,MSI-H / dMMR / Nivolumab,standard chemotherapy,durable response rate,no-effect,mean diff = 0.05 (p=0.42),1143,randomization reported; blinding reported; industry funded,EHR_Oncology_Registry,10.1016/j.cell.2025.741,80,"In 1143 patients with metastatic colorectal cancer, MSI-H / dMMR / Nivolumab demonstrated significant durable response rate vs standard chemotherapy (mean diff = 0.05 (p=0.42))."
ABST_0080,38000080,10.1016/j.cell.2025.864,RCT,Adults with KRAS G12C advanced NSCLC,KRAS G12C Mutation / Sotorasib,standard chemotherapy,overall survival,harm,HR=1.45 (95% CI 1.12-1.88),1028,randomization reported; blinding reported; preprint,medRxiv_Preprint,10.1016/j.cell.2025.864; local_note_draft,65,"In 1028 patients with KRAS G12C advanced NSCLC, KRAS G12C Mutation / Sotorasib demonstrated significant overall survival vs standard chemotherapy (HR=1.45 (95% CI 1.12-1.88))."
ABST_0081,38000081,10.1016/j.cell.2025.147,Cohort,Adults with KRAS G12C advanced NSCLC,KRAS G12C Mutation / Sotorasib,biomarker-negative cohort,overall survival,benefit,HR=0.63 (95% CI 0.53-0.74),300,single-center,EHR_Oncology_Registry,10.1016/j.cell.2025.147,65,"In 300 patients with KRAS G12C advanced NSCLC, KRAS G12C Mutation / Sotorasib demonstrated significant overall survival vs biomarker-negative cohort (HR=0.63 (95% CI 0.53-0.74))."
ABST_0082,38000082,10.1016/j.cell.2025.180,RCT,Adults with HER2+ metastatic breast cancer,HER2 Overexpression / Trastuzumab,standard chemotherapy,objective response rate,benefit,HR=0.72 (95% CI 0.62-0.83),759,randomization reported; blinding reported; single-center,EHR_Oncology_Registry,10.1016/j.cell.2025.180,80,"In 759 patients with HER2+ metastatic breast cancer, HER2 Overexpression / Trastuzumab demonstrated significant objective response rate vs standard chemotherapy (HR=0.72 (95% CI 0.62-0.83))."
ABST_0083,38000083,10.1016/j.cell.2025.782,Cohort,Adults with KRAS G12C advanced NSCLC,KRAS G12C Mutation / Sotorasib,biomarker-negative cohort,overall survival,no-effect,mean diff = 0.05 (p=0.42),227,preprint; industry funded,medRxiv_Preprint,10.1016/j.cell.2025.782; local_note_draft,50,"In 227 patients with KRAS G12C advanced NSCLC, KRAS G12C Mutation / Sotorasib demonstrated significant overall survival vs biomarker-negative cohort (mean diff = 0.05 (p=0.42))."
ABST_0084,38000084,10.1016/j.cell.2025.701,Systematic-Review,Adults with ALK-positive advanced NSCLC,ALK Rearrangement / Alectinib,standard of care / control,progression-free survival,benefit,HR=0.81 (95% CI 0.71-0.92),5597,none,Cochrane_Guideline_Repo,10.1016/j.cell.2025.701,100,"In 5597 patients with ALK-positive advanced NSCLC, ALK Rearrangement / Alectinib demonstrated significant progression-free survival vs standard of care / control (HR=0.81 (95% CI 0.71-0.92))."
ABST_0085,38000085,10.1016/j.cell.2025.209,RCT,Adults with metastatic colorectal cancer,MSI-H / dMMR / Nivolumab,standard chemotherapy,durable response rate,benefit,HR=0.69 (95% CI 0.59-0.8),966,randomization reported; preprint,medRxiv_Preprint,10.1016/j.cell.2025.209; local_note_draft,65,"In 966 patients with metastatic colorectal cancer, MSI-H / dMMR / Nivolumab demonstrated significant durable response rate vs standard chemotherapy (HR=0.69 (95% CI 0.59-0.8))."
ABST_0086,38000086,,RCT,Adults with KRAS G12C advanced NSCLC,KRAS G12C Mutation / Sotorasib,standard chemotherapy,overall survival,no-effect,mean diff = 0.05 (p=0.42),300,randomization reported; blinding reported,EHR_Oncology_Registry,,65,"In 300 patients with KRAS G12C advanced NSCLC, KRAS G12C Mutation / Sotorasib demonstrated significant overall survival vs standard chemotherapy (mean diff = 0.05 (p=0.42))."
ABST_0087,38000087,10.1016/j.cell.2025.335,Case-Series,Adults with KRAS G12C advanced NSCLC,KRAS G12C Mutation / Sotorasib,None,overall survival,benefit,HR=0.71 (95% CI 0.61-0.82),54,none,EHR_Oncology_Registry,10.1016/j.cell.2025.335,65,"In 54 patients with KRAS G12C advanced NSCLC, KRAS G12C Mutation / Sotorasib demonstrated significant overall survival vs None (HR=0.71 (95% CI 0.61-0.82))."
ABST_0088,38000088,10.1016/j.cell.2025.742,Cohort,Adults with HER2+ metastatic breast cancer,HER2 Overexpression / Trastuzumab,biomarker-negative cohort,objective response rate,benefit,HR=0.65 (95% CI 0.55-0.76),376,industry funded,EHR_Oncology_Registry,10.1016/j.cell.2025.742,65,"In 376 patients with HER2+ metastatic breast cancer, HER2 Overexpression / Trastuzumab demonstrated significant objective response rate vs biomarker-negative cohort (HR=0.65 (95% CI 0.55-0.76))."
ABST_0089,38000089,10.1016/j.cell.2025.525,RCT,Adults with KRAS G12C advanced NSCLC,KRAS G12C Mutation / Sotorasib,standard chemotherapy,overall survival,benefit,HR=0.68 (95% CI 0.58-0.79),624,randomization reported; blinding reported; preprint,medRxiv_Preprint,10.1016/j.cell.2025.525; local_note_draft,65,"In 624 patients with KRAS G12C advanced NSCLC, KRAS G12C Mutation / Sotorasib demonstrated significant overall survival vs standard chemotherapy (HR=0.68 (95% CI 0.58-0.79))."
ABST_0090,38000090,10.1016/j.cell.2025.593,RCT,Adults with KRAS G12C advanced NSCLC,KRAS G12C Mutation / Sotorasib,standard chemotherapy,overall survival,benefit,HR=0.78 (95% CI 0.68-0.89),1073,randomization reported; industry funded,EHR_Oncology_Registry,10.1016/j.cell.2025.593,80,"In 1073 patients with KRAS G12C advanced NSCLC, KRAS G12C Mutation / Sotorasib demonstrated significant overall survival vs standard chemotherapy (HR=0.78 (95% CI 0.68-0.89))."
ABST_0091,38000091,10.1016/j.cell.2025.841,RCT,Adults with high-grade serous ovarian cancer,BRCA1/2 Mutation / Olaparib,standard chemotherapy,progression-free survival,benefit,HR=0.77 (95% CI 0.67-0.88),820,randomization reported; blinding reported; industry funded,EHR_Oncology_Registry,10.1016/j.cell.2025.841,80,"In 820 patients with high-grade serous ovarian cancer, BRCA1/2 Mutation / Olaparib demonstrated significant progression-free survival vs standard chemotherapy (HR=0.77 (95% CI 0.67-0.88))."
ABST_0092,38000092,10.1016/j.cell.2025.788,Cohort,Adults with EGFR-mutated NSCLC,EGFR Mutation / Osimertinib,biomarker-negative cohort,progression-free survival,benefit,HR=0.63 (95% CI 0.53-0.74),406,industry funded,EHR_Oncology_Registry,10.1016/j.cell.2025.788,65,"In 406 patients with EGFR-mutated NSCLC, EGFR Mutation / Osimertinib demonstrated significant progression-free survival vs biomarker-negative cohort (HR=0.63 (95% CI 0.53-0.74))."
ABST_0093,38000093,10.1016/j.cell.2025.734,Systematic-Review,Adults with high-grade serous ovarian cancer,BRCA1/2 Mutation / Olaparib,standard of care / control,progression-free survival,harm,HR=1.45 (95% CI 1.12-1.88),10698,none,Cochrane_Guideline_Repo,10.1016/j.cell.2025.734,100,"In 10698 patients with high-grade serous ovarian cancer, BRCA1/2 Mutation / Olaparib demonstrated significant progression-free survival vs standard of care / control (HR=1.45 (95% CI 1.12-1.88))."
ABST_0094,38000094,10.1016/j.cell.2025.575,RCT,Adults with EGFR-mutated NSCLC,EGFR Mutation / Osimertinib,standard chemotherapy,progression-free survival,benefit,HR=0.64 (95% CI 0.54-0.75),393,randomization reported; single-center,EHR_Oncology_Registry,10.1016/j.cell.2025.575,80,"In 393 patients with EGFR-mutated NSCLC, EGFR Mutation / Osimertinib demonstrated significant progression-free survival vs standard chemotherapy (HR=0.64 (95% CI 0.54-0.75))."
ABST_0095,38000095,,RCT,Adults with EGFR-mutated NSCLC,EGFR Mutation / Osimertinib,standard chemotherapy,progression-free survival,benefit,HR=0.66 (95% CI 0.56-0.77),936,randomization reported; blinding reported,EHR_Oncology_Registry,,65,"In 936 patients with EGFR-mutated NSCLC, EGFR Mutation / Osimertinib demonstrated significant progression-free survival vs standard chemotherapy (HR=0.66 (95% CI 0.56-0.77))."
ABST_0096,38000096,10.1016/j.cell.2025.770,RCT,Adults with HER2+ metastatic breast cancer,HER2 Overexpression / Trastuzumab,standard chemotherapy,objective response rate,benefit,HR=0.64 (95% CI 0.54-0.75),536,randomization reported; preprint,medRxiv_Preprint,10.1016/j.cell.2025.770; local_note_draft,65,"In 536 patients with HER2+ metastatic breast cancer, HER2 Overexpression / Trastuzumab demonstrated significant objective response rate vs standard chemotherapy (HR=0.64 (95% CI 0.54-0.75))."
ABST_0097,38000097,10.1016/j.cell.2025.201,Case-Series,Adults with high-grade serous ovarian cancer,BRCA1/2 Mutation / Olaparib,None,progression-free survival,benefit,HR=0.79 (95% CI 0.69-0.9),56,none,EHR_Oncology_Registry,10.1016/j.cell.2025.201,65,"In 56 patients with high-grade serous ovarian cancer, BRCA1/2 Mutation / Olaparib demonstrated significant progression-free survival vs None (HR=0.79 (95% CI 0.69-0.9))."
ABST_0098,38000098,10.1016/j.cell.2025.968,Cohort,Adults with high-grade serous ovarian cancer,BRCA1/2 Mutation / Olaparib,biomarker-negative cohort,progression-free survival,benefit,HR=0.58 (95% CI 0.48-0.69),407,industry funded,EHR_Oncology_Registry,10.1016/j.cell.2025.968,65,"In 407 patients with high-grade serous ovarian cancer, BRCA1/2 Mutation / Olaparib demonstrated significant progression-free survival vs biomarker-negative cohort (HR=0.58 (95% CI 0.48-0.69))."
ABST_0099,38000099,10.1016/j.cell.2025.228,Case-Series,Adults with unresectable BRAF-mutated melanoma,BRAF V600E / Dabrafenib + Trametinib,None,overall survival,benefit,HR=0.77 (95% CI 0.67-0.88),50,industry funded,EHR_Oncology_Registry,10.1016/j.cell.2025.228,65,"In 50 patients with unresectable BRAF-mutated melanoma, BRAF V600E / Dabrafenib + Trametinib demonstrated significant overall survival vs None (HR=0.77 (95% CI 0.67-0.88))."
ABST_0100,38000100,10.1016/j.cell.2025.251,Systematic-Review,Adults with high-grade serous ovarian cancer,BRCA1/2 Mutation / Olaparib,standard of care / control,progression-free survival,no-effect,mean diff = 0.05 (p=0.42),11264,single-center,Cochrane_Guideline_Repo,10.1016/j.cell.2025.251,100,"In 11264 patients with high-grade serous ovarian cancer, BRCA1/2 Mutation / Olaparib demonstrated significant progression-free survival vs standard of care / control (mean diff = 0.05 (p=0.42))."
ABST_0101,38000101,10.1016/j.cell.2025.653,RCT,Adults with HER2+ metastatic breast cancer,HER2 Overexpression / Trastuzumab,standard chemotherapy,objective response rate,benefit,HR=0.72 (95% CI 0.62-0.83),276,randomization reported; preprint,medRxiv_Preprint,10.1016/j.cell.2025.653; local_note_draft,65,"In 276 patients with HER2+ metastatic breast cancer, HER2 Overexpression / Trastuzumab demonstrated significant objective response rate vs standard chemotherapy (HR=0.72 (95% CI 0.62-0.83))."
ABST_0102,38000102,,Cohort,Adults with unresectable BRAF-mutated melanoma,BRAF V600E / Dabrafenib + Trametinib,biomarker-negative cohort,overall survival,benefit,HR=0.65 (95% CI 0.55-0.76),138,preprint,medRxiv_Preprint,local_note_draft,35,"In 138 patients with unresectable BRAF-mutated melanoma, BRAF V600E / Dabrafenib + Trametinib demonstrated significant overall survival vs biomarker-negative cohort (HR=0.65 (95% CI 0.55-0.76))."
ABST_0103,38000103,10.1016/j.cell.2025.211,Cohort,Adults with unresectable BRAF-mutated melanoma,BRAF V600E / Dabrafenib + Trametinib,biomarker-negative cohort,overall survival,benefit,HR=0.7 (95% CI 0.6-0.81),417,none,EHR_Oncology_Registry,10.1016/j.cell.2025.211,65,"In 417 patients with unresectable BRAF-mutated melanoma, BRAF V600E / Dabrafenib + Trametinib demonstrated significant overall survival vs biomarker-negative cohort (HR=0.7 (95% CI 0.6-0.81))."
ABST_0104,38000104,,Cohort,Adults with metastatic NSCLC,PD-L1 / Pembrolizumab,biomarker-negative cohort,overall survival,benefit,HR=0.73 (95% CI 0.63-0.84),331,none,EHR_Oncology_Registry,,50,"In 331 patients with metastatic NSCLC, PD-L1 / Pembrolizumab demonstrated significant overall survival vs biomarker-negative cohort (HR=0.73 (95% CI 0.63-0.84))."
ABST_0105,38000105,10.1016/j.cell.2025.251,RCT,Adults with EGFR-mutated NSCLC,EGFR Mutation / Osimertinib,standard chemotherapy,progression-free survival,benefit,HR=0.71 (95% CI 0.61-0.82),811,randomization reported; blinding reported; preprint,medRxiv_Preprint,10.1016/j.cell.2025.251; local_note_draft,65,"In 811 patients with EGFR-mutated NSCLC, EGFR Mutation / Osimertinib demonstrated significant progression-free survival vs standard chemotherapy (HR=0.71 (95% CI 0.61-0.82))."
ABST_0106,38000106,10.1016/j.cell.2025.719,Cohort,Adults with KRAS G12C advanced NSCLC,KRAS G12C Mutation / Sotorasib,biomarker-negative cohort,overall survival,no-effect,mean diff = 0.05 (p=0.42),138,none,EHR_Oncology_Registry,10.1016/j.cell.2025.719,65,"In 138 patients with KRAS G12C advanced NSCLC, KRAS G12C Mutation / Sotorasib demonstrated significant overall survival vs biomarker-negative cohort (mean diff = 0.05 (p=0.42))."
ABST_0107,38000107,10.1016/j.cell.2025.333,RCT,Adults with high-grade serous ovarian cancer,BRCA1/2 Mutation / Olaparib,standard chemotherapy,progression-free survival,no-effect,mean diff = 0.05 (p=0.42),658,randomization reported; blinding reported; single-center,EHR_Oncology_Registry,10.1016/j.cell.2025.333,80,"In 658 patients with high-grade serous ovarian cancer, BRCA1/2 Mutation / Olaparib demonstrated significant progression-free survival vs standard chemotherapy (mean diff = 0.05 (p=0.42))."
ABST_0108,38000108,10.1016/j.cell.2025.256,RCT,Adults with KRAS G12C advanced NSCLC,KRAS G12C Mutation / Sotorasib,standard chemotherapy,overall survival,benefit,HR=0.55 (95% CI 0.45-0.66),337,randomization reported; single-center,EHR_Oncology_Registry,10.1016/j.cell.2025.256,80,"In 337 patients with KRAS G12C advanced NSCLC, KRAS G12C Mutation / Sotorasib demonstrated significant overall survival vs standard chemotherapy (HR=0.55 (95% CI 0.45-0.66))."
ABST_0109,38000109,10.1016/j.cell.2025.700,RCT,Adults with HER2+ metastatic breast cancer,HER2 Overexpression / Trastuzumab,standard chemotherapy,objective response rate,benefit,HR=0.72 (95% CI 0.62-0.83),670,randomization reported; blinding reported,EHR_Oncology_Registry,10.1016/j.cell.2025.700,80,"In 670 patients with HER2+ metastatic breast cancer, HER2 Overexpression / Trastuzumab demonstrated significant objective response rate vs standard chemotherapy (HR=0.72 (95% CI 0.62-0.83))."
ABST_0110,38000110,10.1016/j.cell.2025.714,Case-Series,Adults with metastatic NSCLC,PD-L1 / Pembrolizumab,None,overall survival,benefit,HR=0.67 (95% CI 0.57-0.78),24,industry funded,EHR_Oncology_Registry,10.1016/j.cell.2025.714,65,"In 24 patients with metastatic NSCLC, PD-L1 / Pembrolizumab demonstrated significant overall survival vs None (HR=0.67 (95% CI 0.57-0.78))."
ABST_0111,38000111,10.1016/j.cell.2025.669,Systematic-Review,Adults with EGFR-mutated NSCLC,EGFR Mutation / Osimertinib,standard of care / control,progression-free survival,benefit,HR=0.75 (95% CI 0.65-0.86),10906,none,Cochrane_Guideline_Repo,10.1016/j.cell.2025.669,100,"In 10906 patients with EGFR-mutated NSCLC, EGFR Mutation / Osimertinib demonstrated significant progression-free survival vs standard of care / control (HR=0.75 (95% CI 0.65-0.86))."
ABST_0112,38000112,10.1016/j.cell.2025.773,RCT,Adults with metastatic NSCLC,PD-L1 / Pembrolizumab,standard chemotherapy,overall survival,benefit,HR=0.57 (95% CI 0.47-0.68),969,randomization reported; blinding reported,EHR_Oncology_Registry,10.1016/j.cell.2025.773,80,"In 969 patients with metastatic NSCLC, PD-L1 / Pembrolizumab demonstrated significant overall survival vs standard chemotherapy (HR=0.57 (95% CI 0.47-0.68))."
ABST_0113,38000113,10.1016/j.cell.2025.679,Cohort,Adults with HER2+ metastatic breast cancer,HER2 Overexpression / Trastuzumab,biomarker-negative cohort,objective response rate,benefit,HR=0.74 (95% CI 0.64-0.85),95,single-center,EHR_Oncology_Registry,10.1016/j.cell.2025.679,65,"In 95 patients with HER2+ metastatic breast cancer, HER2 Overexpression / Trastuzumab demonstrated significant objective response rate vs biomarker-negative cohort (HR=0.74 (95% CI 0.64-0.85))."
ABST_0114,38000114,10.1016/j.cell.2025.449,RCT,Adults with metastatic colorectal cancer,MSI-H / dMMR / Nivolumab,standard chemotherapy,durable response rate,benefit,HR=0.62 (95% CI 0.52-0.73),831,randomization reported; blinding reported; preprint; industry funded,medRxiv_Preprint,10.1016/j.cell.2025.449; local_note_draft,65,"In 831 patients with metastatic colorectal cancer, MSI-H / dMMR / Nivolumab demonstrated significant durable response rate vs standard chemotherapy (HR=0.62 (95% CI 0.52-0.73))."
ABST_0115,38000115,10.1016/j.cell.2025.378,Case-Series,Adults with metastatic NSCLC,PD-L1 / Pembrolizumab,None,overall survival,benefit,HR=0.7 (95% CI 0.6-0.81),41,none,EHR_Oncology_Registry,10.1016/j.cell.2025.378,65,"In 41 patients with metastatic NSCLC, PD-L1 / Pembrolizumab demonstrated significant overall survival vs None (HR=0.7 (95% CI 0.6-0.81))."
ABST_0116,38000116,10.1016/j.cell.2025.213,Systematic-Review,Adults with EGFR-mutated NSCLC,EGFR Mutation / Osimertinib,standard of care / control,progression-free survival,benefit,HR=0.72 (95% CI 0.62-0.83),9472,none,Cochrane_Guideline_Repo,10.1016/j.cell.2025.213,100,"In 9472 patients with EGFR-mutated NSCLC, EGFR Mutation / Osimertinib demonstrated significant progression-free survival vs standard of care / control (HR=0.72 (95% CI 0.62-0.83))."
ABST_0117,38000117,10.1016/j.cell.2025.713,RCT,Adults with high-grade serous ovarian cancer,BRCA1/2 Mutation / Olaparib,standard chemotherapy,progression-free survival,benefit,HR=0.8 (95% CI 0.7-0.91),1035,randomization reported; preprint,medRxiv_Preprint,10.1016/j.cell.2025.713; local_note_draft,65,"In 1035 patients with high-grade serous ovarian cancer, BRCA1/2 Mutation / Olaparib demonstrated significant progression-free survival vs standard chemotherapy (HR=0.8 (95% CI 0.7-0.91))."
ABST_0118,38000118,10.1016/j.cell.2025.540,Cohort,Adults with metastatic NSCLC,PD-L1 / Pembrolizumab,biomarker-negative cohort,overall survival,benefit,HR=0.73 (95% CI 0.63-0.84),336,preprint,medRxiv_Preprint,10.1016/j.cell.2025.540; local_note_draft,50,"In 336 patients with metastatic NSCLC, PD-L1 / Pembrolizumab demonstrated significant overall survival vs biomarker-negative cohort (HR=0.73 (95% CI 0.63-0.84))."
ABST_0119,38000119,,Cohort,Adults with unresectable BRAF-mutated melanoma,BRAF V600E / Dabrafenib + Trametinib,biomarker-negative cohort,overall survival,benefit,HR=0.53 (95% CI 0.43-0.64),119,none,EHR_Oncology_Registry,,50,"In 119 patients with unresectable BRAF-mutated melanoma, BRAF V600E / Dabrafenib + Trametinib demonstrated significant overall survival vs biomarker-negative cohort (HR=0.53 (95% CI 0.43-0.64))."
ABST_0120,38000120,10.1016/j.cell.2025.527,RCT,Adults with metastatic colorectal cancer,MSI-H / dMMR / Nivolumab,standard chemotherapy,durable response rate,benefit,HR=0.81 (95% CI 0.71-0.92),425,randomization reported; blinding reported; preprint,medRxiv_Preprint,10.1016/j.cell.2025.527; local_note_draft,65,"In 425 patients with metastatic colorectal cancer, MSI-H / dMMR / Nivolumab demonstrated significant durable response rate vs standard chemotherapy (HR=0.81 (95% CI 0.71-0.92))."
ABST_0121,38000121,,Systematic-Review,Adults with unresectable BRAF-mutated melanoma,BRAF V600E / Dabrafenib + Trametinib,standard of care / control,overall survival,no-effect,mean diff = 0.05 (p=0.42),5486,none,Cochrane_Guideline_Repo,,85,"In 5486 patients with unresectable BRAF-mutated melanoma, BRAF V600E / Dabrafenib + Trametinib demonstrated significant overall survival vs standard of care / control (mean diff = 0.05 (p=0.42))."
ABST_0122,38000122,10.1016/j.cell.2025.417,Cohort,Adults with EGFR-mutated NSCLC,EGFR Mutation / Osimertinib,biomarker-negative cohort,progression-free survival,benefit,HR=0.75 (95% CI 0.65-0.86),119,industry funded,EHR_Oncology_Registry,10.1016/j.cell.2025.417,65,"In 119 patients with EGFR-mutated NSCLC, EGFR Mutation / Osimertinib demonstrated significant progression-free survival vs biomarker-negative cohort (HR=0.75 (95% CI 0.65-0.86))."
ABST_0123,38000123,10.1016/j.cell.2025.457,Systematic-Review,Adults with high-grade serous ovarian cancer,BRCA1/2 Mutation / Olaparib,standard of care / control,progression-free survival,benefit,HR=0.81 (95% CI 0.71-0.92),3919,industry funded,Cochrane_Guideline_Repo,10.1016/j.cell.2025.457,100,"In 3919 patients with high-grade serous ovarian cancer, BRCA1/2 Mutation / Olaparib demonstrated significant progression-free survival vs standard of care / control (HR=0.81 (95% CI 0.71-0.92))."
ABST_0124,38000124,10.1016/j.cell.2025.256,Cohort,Adults with high-grade serous ovarian cancer,BRCA1/2 Mutation / Olaparib,biomarker-negative cohort,progression-free survival,benefit,HR=0.57 (95% CI 0.47-0.68),401,none,EHR_Oncology_Registry,10.1016/j.cell.2025.256,65,"In 401 patients with high-grade serous ovarian cancer, BRCA1/2 Mutation / Olaparib demonstrated significant progression-free survival vs biomarker-negative cohort (HR=0.57 (95% CI 0.47-0.68))."
ABST_0125,38000125,10.1016/j.cell.2025.678,RCT,Adults with ALK-positive advanced NSCLC,ALK Rearrangement / Alectinib,standard chemotherapy,progression-free survival,harm,HR=1.45 (95% CI 1.12-1.88),580,randomization reported; blinding reported; industry funded,EHR_Oncology_Registry,10.1016/j.cell.2025.678,80,"In 580 patients with ALK-positive advanced NSCLC, ALK Rearrangement / Alectinib demonstrated significant progression-free survival vs standard chemotherapy (HR=1.45 (95% CI 1.12-1.88))."
ABST_0126,38000126,10.1016/j.cell.2025.746,RCT,Adults with EGFR-mutated NSCLC,EGFR Mutation / Osimertinib,standard chemotherapy,progression-free survival,benefit,HR=0.54 (95% CI 0.44-0.65),769,randomization reported; industry funded,EHR_Oncology_Registry,10.1016/j.cell.2025.746,80,"In 769 patients with EGFR-mutated NSCLC, EGFR Mutation / Osimertinib demonstrated significant progression-free survival vs standard chemotherapy (HR=0.54 (95% CI 0.44-0.65))."
ABST_0127,38000127,10.1016/j.cell.2025.178,RCT,Adults with unresectable BRAF-mutated melanoma,BRAF V600E / Dabrafenib + Trametinib,standard chemotherapy,overall survival,harm,HR=1.45 (95% CI 1.12-1.88),342,randomization reported; blinding reported,EHR_Oncology_Registry,10.1016/j.cell.2025.178,80,"In 342 patients with unresectable BRAF-mutated melanoma, BRAF V600E / Dabrafenib + Trametinib demonstrated significant overall survival vs standard chemotherapy (HR=1.45 (95% CI 1.12-1.88))."
ABST_0128,38000128,10.1016/j.cell.2025.929,Case-Series,Adults with metastatic NSCLC,PD-L1 / Pembrolizumab,None,overall survival,benefit,HR=0.7 (95% CI 0.6-0.81),47,single-center; industry funded,EHR_Oncology_Registry,10.1016/j.cell.2025.929,65,"In 47 patients with metastatic NSCLC, PD-L1 / Pembrolizumab demonstrated significant overall survival vs None (HR=0.7 (95% CI 0.6-0.81))."
ABST_0129,38000129,10.1016/j.cell.2025.957,Systematic-Review,Adults with EGFR-mutated NSCLC,EGFR Mutation / Osimertinib,standard of care / control,progression-free survival,benefit,HR=0.73 (95% CI 0.63-0.84),9766,industry funded,Cochrane_Guideline_Repo,10.1016/j.cell.2025.957,100,"In 9766 patients with EGFR-mutated NSCLC, EGFR Mutation / Osimertinib demonstrated significant progression-free survival vs standard of care / control (HR=0.73 (95% CI 0.63-0.84))."
ABST_0130,38000130,10.1016/j.cell.2025.636,Systematic-Review,Adults with ALK-positive advanced NSCLC,ALK Rearrangement / Alectinib,standard of care / control,progression-free survival,benefit,HR=0.57 (95% CI 0.47-0.68),7608,none,Cochrane_Guideline_Repo,10.1016/j.cell.2025.636,100,"In 7608 patients with ALK-positive advanced NSCLC, ALK Rearrangement / Alectinib demonstrated significant progression-free survival vs standard of care / control (HR=0.57 (95% CI 0.47-0.68))."
ABST_0131,38000131,10.1016/j.cell.2025.153,RCT,Adults with unresectable BRAF-mutated melanoma,BRAF V600E / Dabrafenib + Trametinib,standard chemotherapy,overall survival,benefit,HR=0.54 (95% CI 0.44-0.65),346,randomization reported; blinding reported,EHR_Oncology_Registry,10.1016/j.cell.2025.153,80,"In 346 patients with unresectable BRAF-mutated melanoma, BRAF V600E / Dabrafenib + Trametinib demonstrated significant overall survival vs standard chemotherapy (HR=0.54 (95% CI 0.44-0.65))."
ABST_0132,38000132,10.1016/j.cell.2025.696,RCT,Adults with HER2+ metastatic breast cancer,HER2 Overexpression / Trastuzumab,standard chemotherapy,objective response rate,harm,HR=1.45 (95% CI 1.12-1.88),567,randomization reported; blinding reported,EHR_Oncology_Registry,10.1016/j.cell.2025.696,80,"In 567 patients with HER2+ metastatic breast cancer, HER2 Overexpression / Trastuzumab demonstrated significant objective response rate vs standard chemotherapy (HR=1.45 (95% CI 1.12-1.88))."
ABST_0133,38000133,10.1016/j.cell.2025.485,Systematic-Review,Adults with EGFR-mutated NSCLC,EGFR Mutation / Osimertinib,standard of care / control,progression-free survival,benefit,HR=0.62 (95% CI 0.52-0.73),3593,none,Cochrane_Guideline_Repo,10.1016/j.cell.2025.485,100,"In 3593 patients with EGFR-mutated NSCLC, EGFR Mutation / Osimertinib demonstrated significant progression-free survival vs standard of care / control (HR=0.62 (95% CI 0.52-0.73))."
ABST_0134,38000134,10.1016/j.cell.2025.533,Case-Series,Adults with EGFR-mutated NSCLC,EGFR Mutation / Osimertinib,None,progression-free survival,benefit,HR=0.61 (95% CI 0.51-0.72),28,none,EHR_Oncology_Registry,10.1016/j.cell.2025.533,65,"In 28 patients with EGFR-mutated NSCLC, EGFR Mutation / Osimertinib demonstrated significant progression-free survival vs None (HR=0.61 (95% CI 0.51-0.72))."
ABST_0135,38000135,10.1016/j.cell.2025.240,RCT,Adults with high-grade serous ovarian cancer,BRCA1/2 Mutation / Olaparib,standard chemotherapy,progression-free survival,benefit,HR=0.76 (95% CI 0.66-0.87),769,randomization reported; blinding reported; preprint,medRxiv_Preprint,10.1016/j.cell.2025.240; local_note_draft,65,"In 769 patients with high-grade serous ovarian cancer, BRCA1/2 Mutation / Olaparib demonstrated significant progression-free survival vs standard chemotherapy (HR=0.76 (95% CI 0.66-0.87))."
ABST_0136,38000136,10.1016/j.cell.2025.997,RCT,Adults with metastatic NSCLC,PD-L1 / Pembrolizumab,standard chemotherapy,overall survival,benefit,HR=0.63 (95% CI 0.53-0.74),416,randomization reported,EHR_Oncology_Registry,10.1016/j.cell.2025.997,80,"In 416 patients with metastatic NSCLC, PD-L1 / Pembrolizumab demonstrated significant overall survival vs standard chemotherapy (HR=0.63 (95% CI 0.53-0.74))."
ABST_0137,38000137,10.1016/j.cell.2025.144,RCT,Adults with HER2+ metastatic breast cancer,HER2 Overexpression / Trastuzumab,standard chemotherapy,objective response rate,benefit,HR=0.59 (95% CI 0.49-0.7),704,randomization reported; blinding reported,EHR_Oncology_Registry,10.1016/j.cell.2025.144,80,"In 704 patients with HER2+ metastatic breast cancer, HER2 Overexpression / Trastuzumab demonstrated significant objective response rate vs standard chemotherapy (HR=0.59 (95% CI 0.49-0.7))."
ABST_0138,38000138,10.1016/j.cell.2025.416,Systematic-Review,Adults with high-grade serous ovarian cancer,BRCA1/2 Mutation / Olaparib,standard of care / control,progression-free survival,harm,HR=1.45 (95% CI 1.12-1.88),9184,industry funded,Cochrane_Guideline_Repo,10.1016/j.cell.2025.416,100,"In 9184 patients with high-grade serous ovarian cancer, BRCA1/2 Mutation / Olaparib demonstrated significant progression-free survival vs standard of care / control (HR=1.45 (95% CI 1.12-1.88))."
ABST_0139,38000139,10.1016/j.cell.2025.388,Systematic-Review,Adults with ALK-positive advanced NSCLC,ALK Rearrangement / Alectinib,standard of care / control,progression-free survival,no-effect,mean diff = 0.05 (p=0.42),9739,none,Cochrane_Guideline_Repo,10.1016/j.cell.2025.388,100,"In 9739 patients with ALK-positive advanced NSCLC, ALK Rearrangement / Alectinib demonstrated significant progression-free survival vs standard of care / control (mean diff = 0.05 (p=0.42))."
ABST_0140,38000140,10.1016/j.cell.2025.241,RCT,Adults with high-grade serous ovarian cancer,BRCA1/2 Mutation / Olaparib,standard chemotherapy,progression-free survival,benefit,HR=0.66 (95% CI 0.56-0.77),630,randomization reported; blinding reported; single-center,EHR_Oncology_Registry,10.1016/j.cell.2025.241,80,"In 630 patients with high-grade serous ovarian cancer, BRCA1/2 Mutation / Olaparib demonstrated significant progression-free survival vs standard chemotherapy (HR=0.66 (95% CI 0.56-0.77))."
ABST_0141,38000141,10.1016/j.cell.2025.881,RCT,Adults with EGFR-mutated NSCLC,EGFR Mutation / Osimertinib,standard chemotherapy,progression-free survival,benefit,HR=0.67 (95% CI 0.57-0.78),1100,randomization reported; blinding reported; preprint; industry funded,medRxiv_Preprint,10.1016/j.cell.2025.881; local_note_draft,65,"In 1100 patients with EGFR-mutated NSCLC, EGFR Mutation / Osimertinib demonstrated significant progression-free survival vs standard chemotherapy (HR=0.67 (95% CI 0.57-0.78))."
ABST_0142,38000142,10.1016/j.cell.2025.127,Cohort,Adults with ALK-positive advanced NSCLC,ALK Rearrangement / Alectinib,biomarker-negative cohort,progression-free survival,benefit,HR=0.63 (95% CI 0.53-0.74),277,none,EHR_Oncology_Registry,10.1016/j.cell.2025.127,65,"In 277 patients with ALK-positive advanced NSCLC, ALK Rearrangement / Alectinib demonstrated significant progression-free survival vs biomarker-negative cohort (HR=0.63 (95% CI 0.53-0.74))."
ABST_0143,38000143,10.1016/j.cell.2025.201,RCT,Adults with metastatic NSCLC,PD-L1 / Pembrolizumab,standard chemotherapy,overall survival,benefit,HR=0.76 (95% CI 0.66-0.87),390,randomization reported,EHR_Oncology_Registry,10.1016/j.cell.2025.201,80,"In 390 patients with metastatic NSCLC, PD-L1 / Pembrolizumab demonstrated significant overall survival vs standard chemotherapy (HR=0.76 (95% CI 0.66-0.87))."
ABST_0144,38000144,10.1016/j.cell.2025.580,Systematic-Review,Adults with HER2+ metastatic breast cancer,HER2 Overexpression / Trastuzumab,standard of care / control,objective response rate,benefit,HR=0.52 (95% CI 0.42-0.63),2798,single-center; industry funded,Cochrane_Guideline_Repo,10.1016/j.cell.2025.580,100,"In 2798 patients with HER2+ metastatic breast cancer, HER2 Overexpression / Trastuzumab demonstrated significant objective response rate vs standard of care / control (HR=0.52 (95% CI 0.42-0.63))."
ABST_0145,38000145,10.1016/j.cell.2025.844,RCT,Adults with HER2+ metastatic breast cancer,HER2 Overexpression / Trastuzumab,standard chemotherapy,objective response rate,benefit,HR=0.75 (95% CI 0.65-0.86),493,randomization reported; blinding reported; single-center,EHR_Oncology_Registry,10.1016/j.cell.2025.844,80,"In 493 patients with HER2+ metastatic breast cancer, HER2 Overexpression / Trastuzumab demonstrated significant objective response rate vs standard chemotherapy (HR=0.75 (95% CI 0.65-0.86))."
ABST_0146,38000146,,RCT,Adults with ALK-positive advanced NSCLC,ALK Rearrangement / Alectinib,standard chemotherapy,progression-free survival,benefit,HR=0.68 (95% CI 0.58-0.79),897,randomization reported; blinding reported; industry funded,EHR_Oncology_Registry,,65,"In 897 patients with ALK-positive advanced NSCLC, ALK Rearrangement / Alectinib demonstrated significant progression-free survival vs standard chemotherapy (HR=0.68 (95% CI 0.58-0.79))."
ABST_0147,38000147,,Cohort,Adults with metastatic colorectal cancer,MSI-H / dMMR / Nivolumab,biomarker-negative cohort,durable response rate,benefit,HR=0.58 (95% CI 0.48-0.69),422,single-center,EHR_Oncology_Registry,,50,"In 422 patients with metastatic colorectal cancer, MSI-H / dMMR / Nivolumab demonstrated significant durable response rate vs biomarker-negative cohort (HR=0.58 (95% CI 0.48-0.69))."
ABST_0148,38000148,10.1016/j.cell.2025.657,Cohort,Adults with EGFR-mutated NSCLC,EGFR Mutation / Osimertinib,biomarker-negative cohort,progression-free survival,harm,HR=1.45 (95% CI 1.12-1.88),363,single-center,EHR_Oncology_Registry,10.1016/j.cell.2025.657,65,"In 363 patients with EGFR-mutated NSCLC, EGFR Mutation / Osimertinib demonstrated significant progression-free survival vs biomarker-negative cohort (HR=1.45 (95% CI 1.12-1.88))."
ABST_0149,38000149,10.1016/j.cell.2025.482,RCT,Adults with metastatic NSCLC,PD-L1 / Pembrolizumab,standard chemotherapy,overall survival,benefit,HR=0.76 (95% CI 0.66-0.87),603,randomization reported; preprint; industry funded,medRxiv_Preprint,10.1016/j.cell.2025.482; local_note_draft,65,"In 603 patients with metastatic NSCLC, PD-L1 / Pembrolizumab demonstrated significant overall survival vs standard chemotherapy (HR=0.76 (95% CI 0.66-0.87))."
ABST_0150,38000150,,RCT,Adults with unresectable BRAF-mutated melanoma,BRAF V600E / Dabrafenib + Trametinib,standard chemotherapy,overall survival,benefit,HR=0.71 (95% CI 0.61-0.82),1100,randomization reported; blinding reported,EHR_Oncology_Registry,,65,"In 1100 patients with unresectable BRAF-mutated melanoma, BRAF V600E / Dabrafenib + Trametinib demonstrated significant overall survival vs standard chemotherapy (HR=0.71 (95% CI 0.61-0.82))."
ABST_0151,38000151,10.1016/j.cell.2025.164,Case-Series,Adults with HER2+ metastatic breast cancer,HER2 Overexpression / Trastuzumab,None,objective response rate,harm,HR=1.45 (95% CI 1.12-1.88),17,industry funded,EHR_Oncology_Registry,10.1016/j.cell.2025.164,65,"In 17 patients with HER2+ metastatic breast cancer, HER2 Overexpression / Trastuzumab demonstrated significant objective response rate vs None (HR=1.45 (95% CI 1.12-1.88))."
ABST_0152,38000152,10.1016/j.cell.2025.423,Cohort,Adults with high-grade serous ovarian cancer,BRCA1/2 Mutation / Olaparib,biomarker-negative cohort,progression-free survival,benefit,HR=0.82 (95% CI 0.72-0.93),358,industry funded,EHR_Oncology_Registry,10.1016/j.cell.2025.423,65,"In 358 patients with high-grade serous ovarian cancer, BRCA1/2 Mutation / Olaparib demonstrated significant progression-free survival vs biomarker-negative cohort (HR=0.82 (95% CI 0.72-0.93))."
ABST_0153,38000153,10.1016/j.cell.2025.982,RCT,Adults with high-grade serous ovarian cancer,BRCA1/2 Mutation / Olaparib,standard chemotherapy,progression-free survival,harm,HR=1.45 (95% CI 1.12-1.88),589,randomization reported,EHR_Oncology_Registry,10.1016/j.cell.2025.982,80,"In 589 patients with high-grade serous ovarian cancer, BRCA1/2 Mutation / Olaparib demonstrated significant progression-free survival vs standard chemotherapy (HR=1.45 (95% CI 1.12-1.88))."
ABST_0154,38000154,10.1016/j.cell.2025.495,Cohort,Adults with metastatic colorectal cancer,MSI-H / dMMR / Nivolumab,biomarker-negative cohort,durable response rate,benefit,HR=0.73 (95% CI 0.63-0.84),268,none,EHR_Oncology_Registry,10.1016/j.cell.2025.495,65,"In 268 patients with metastatic colorectal cancer, MSI-H / dMMR / Nivolumab demonstrated significant durable response rate vs biomarker-negative cohort (HR=0.73 (95% CI 0.63-0.84))."
ABST_0155,38000155,10.1016/j.cell.2025.180,RCT,Adults with EGFR-mutated NSCLC,EGFR Mutation / Osimertinib,standard chemotherapy,progression-free survival,harm,HR=1.45 (95% CI 1.12-1.88),434,randomization reported; blinding reported; industry funded,EHR_Oncology_Registry,10.1016/j.cell.2025.180,80,"In 434 patients with EGFR-mutated NSCLC, EGFR Mutation / Osimertinib demonstrated significant progression-free survival vs standard chemotherapy (HR=1.45 (95% CI 1.12-1.88))."
ABST_0156,38000156,10.1016/j.cell.2025.717,RCT,Adults with KRAS G12C advanced NSCLC,KRAS G12C Mutation / Sotorasib,standard chemotherapy,overall survival,benefit,HR=0.65 (95% CI 0.55-0.76),707,randomization reported,EHR_Oncology_Registry,10.1016/j.cell.2025.717,80,"In 707 patients with KRAS G12C advanced NSCLC, KRAS G12C Mutation / Sotorasib demonstrated significant overall survival vs standard chemotherapy (HR=0.65 (95% CI 0.55-0.76))."
ABST_0157,38000157,10.1016/j.cell.2025.910,RCT,Adults with metastatic colorectal cancer,MSI-H / dMMR / Nivolumab,standard chemotherapy,durable response rate,benefit,HR=0.71 (95% CI 0.61-0.82),622,randomization reported; blinding reported; industry funded,EHR_Oncology_Registry,10.1016/j.cell.2025.910,80,"In 622 patients with metastatic colorectal cancer, MSI-H / dMMR / Nivolumab demonstrated significant durable response rate vs standard chemotherapy (HR=0.71 (95% CI 0.61-0.82))."
ABST_0158,38000158,,Cohort,Adults with metastatic NSCLC,PD-L1 / Pembrolizumab,biomarker-negative cohort,overall survival,no-effect,mean diff = 0.05 (p=0.42),97,single-center; industry funded,EHR_Oncology_Registry,,50,"In 97 patients with metastatic NSCLC, PD-L1 / Pembrolizumab demonstrated significant overall survival vs biomarker-negative cohort (mean diff = 0.05 (p=0.42))."
ABST_0159,38000159,10.1016/j.cell.2025.680,RCT,Adults with unresectable BRAF-mutated melanoma,BRAF V600E / Dabrafenib + Trametinib,standard chemotherapy,overall survival,benefit,HR=0.65 (95% CI 0.55-0.76),629,randomization reported; blinding reported; preprint,medRxiv_Preprint,10.1016/j.cell.2025.680; local_note_draft,65,"In 629 patients with unresectable BRAF-mutated melanoma, BRAF V600E / Dabrafenib + Trametinib demonstrated significant overall survival vs standard chemotherapy (HR=0.65 (95% CI 0.55-0.76))."
ABST_0160,38000160,10.1016/j.cell.2025.765,RCT,Adults with unresectable BRAF-mutated melanoma,BRAF V600E / Dabrafenib + Trametinib,standard chemotherapy,overall survival,harm,HR=1.45 (95% CI 1.12-1.88),276,randomization reported; blinding reported; preprint,medRxiv_Preprint,10.1016/j.cell.2025.765; local_note_draft,65,"In 276 patients with unresectable BRAF-mutated melanoma, BRAF V600E / Dabrafenib + Trametinib demonstrated significant overall survival vs standard chemotherapy (HR=1.45 (95% CI 1.12-1.88))."
ABST_0161,38000161,10.1016/j.cell.2025.366,RCT,Adults with EGFR-mutated NSCLC,EGFR Mutation / Osimertinib,standard chemotherapy,progression-free survival,benefit,HR=0.7 (95% CI 0.6-0.81),960,randomization reported; blinding reported; industry funded,EHR_Oncology_Registry,10.1016/j.cell.2025.366,80,"In 960 patients with EGFR-mutated NSCLC, EGFR Mutation / Osimertinib demonstrated significant progression-free survival vs standard chemotherapy (HR=0.7 (95% CI 0.6-0.81))."
ABST_0162,38000162,10.1016/j.cell.2025.830,Cohort,Adults with EGFR-mutated NSCLC,EGFR Mutation / Osimertinib,biomarker-negative cohort,progression-free survival,benefit,HR=0.72 (95% CI 0.62-0.83),243,none,EHR_Oncology_Registry,10.1016/j.cell.2025.830,65,"In 243 patients with EGFR-mutated NSCLC, EGFR Mutation / Osimertinib demonstrated significant progression-free survival vs biomarker-negative cohort (HR=0.72 (95% CI 0.62-0.83))."
ABST_0163,38000163,10.1016/j.cell.2025.971,RCT,Adults with KRAS G12C advanced NSCLC,KRAS G12C Mutation / Sotorasib,standard chemotherapy,overall survival,no-effect,mean diff = 0.05 (p=0.42),967,randomization reported; blinding reported; preprint,medRxiv_Preprint,10.1016/j.cell.2025.971; local_note_draft,65,"In 967 patients with KRAS G12C advanced NSCLC, KRAS G12C Mutation / Sotorasib demonstrated significant overall survival vs standard chemotherapy (mean diff = 0.05 (p=0.42))."
ABST_0164,38000164,10.1016/j.cell.2025.911,Case-Series,Adults with EGFR-mutated NSCLC,EGFR Mutation / Osimertinib,None,progression-free survival,no-effect,mean diff = 0.05 (p=0.42),16,preprint,medRxiv_Preprint,10.1016/j.cell.2025.911; local_note_draft,50,"In 16 patients with EGFR-mutated NSCLC, EGFR Mutation / Osimertinib demonstrated significant progression-free survival vs None (mean diff = 0.05 (p=0.42))."
ABST_0165,38000165,10.1016/j.cell.2025.664,Systematic-Review,Adults with ALK-positive advanced NSCLC,ALK Rearrangement / Alectinib,standard of care / control,progression-free survival,benefit,HR=0.79 (95% CI 0.69-0.9),2577,none,Cochrane_Guideline_Repo,10.1016/j.cell.2025.664,100,"In 2577 patients with ALK-positive advanced NSCLC, ALK Rearrangement / Alectinib demonstrated significant progression-free survival vs standard of care / control (HR=0.79 (95% CI 0.69-0.9))."
ABST_0166,38000166,10.1016/j.cell.2025.887,RCT,Adults with ALK-positive advanced NSCLC,ALK Rearrangement / Alectinib,standard chemotherapy,progression-free survival,benefit,HR=0.56 (95% CI 0.46-0.67),574,randomization reported; blinding reported,EHR_Oncology_Registry,10.1016/j.cell.2025.887,80,"In 574 patients with ALK-positive advanced NSCLC, ALK Rearrangement / Alectinib demonstrated significant progression-free survival vs standard chemotherapy (HR=0.56 (95% CI 0.46-0.67))."
ABST_0167,38000167,,RCT,Adults with unresectable BRAF-mutated melanoma,BRAF V600E / Dabrafenib + Trametinib,standard chemotherapy,overall survival,benefit,HR=0.7 (95% CI 0.6-0.81),1036,randomization reported; blinding reported,EHR_Oncology_Registry,,65,"In 1036 patients with unresectable BRAF-mutated melanoma, BRAF V600E / Dabrafenib + Trametinib demonstrated significant overall survival vs standard chemotherapy (HR=0.7 (95% CI 0.6-0.81))."
ABST_0168,38000168,10.1016/j.cell.2025.630,Cohort,Adults with metastatic NSCLC,PD-L1 / Pembrolizumab,biomarker-negative cohort,overall survival,benefit,HR=0.62 (95% CI 0.52-0.73),443,preprint,medRxiv_Preprint,10.1016/j.cell.2025.630; local_note_draft,50,"In 443 patients with metastatic NSCLC, PD-L1 / Pembrolizumab demonstrated significant overall survival vs biomarker-negative cohort (HR=0.62 (95% CI 0.52-0.73))."
ABST_0169,38000169,10.1016/j.cell.2025.356,RCT,Adults with KRAS G12C advanced NSCLC,KRAS G12C Mutation / Sotorasib,standard chemotherapy,overall survival,harm,HR=1.45 (95% CI 1.12-1.88),531,randomization reported; preprint,medRxiv_Preprint,10.1016/j.cell.2025.356; local_note_draft,65,"In 531 patients with KRAS G12C advanced NSCLC, KRAS G12C Mutation / Sotorasib demonstrated significant overall survival vs standard chemotherapy (HR=1.45 (95% CI 1.12-1.88))."
ABST_0170,38000170,10.1016/j.cell.2025.694,RCT,Adults with HER2+ metastatic breast cancer,HER2 Overexpression / Trastuzumab,standard chemotherapy,objective response rate,benefit,HR=0.74 (95% CI 0.64-0.85),869,randomization reported; blinding reported; preprint; industry funded,medRxiv_Preprint,10.1016/j.cell.2025.694; local_note_draft,65,"In 869 patients with HER2+ metastatic breast cancer, HER2 Overexpression / Trastuzumab demonstrated significant objective response rate vs standard chemotherapy (HR=0.74 (95% CI 0.64-0.85))."
ABST_0171,38000171,,Case-Series,Adults with metastatic NSCLC,PD-L1 / Pembrolizumab,None,overall survival,no-effect,mean diff = 0.05 (p=0.42),31,none,EHR_Oncology_Registry,,50,"In 31 patients with metastatic NSCLC, PD-L1 / Pembrolizumab demonstrated significant overall survival vs None (mean diff = 0.05 (p=0.42))."
ABST_0172,38000172,10.1016/j.cell.2025.131,Cohort,Adults with metastatic colorectal cancer,MSI-H / dMMR / Nivolumab,biomarker-negative cohort,durable response rate,benefit,HR=0.61 (95% CI 0.51-0.72),234,none,EHR_Oncology_Registry,10.1016/j.cell.2025.131,65,"In 234 patients with metastatic colorectal cancer, MSI-H / dMMR / Nivolumab demonstrated significant durable response rate vs biomarker-negative cohort (HR=0.61 (95% CI 0.51-0.72))."
ABST_0173,38000173,10.1016/j.cell.2025.174,RCT,Adults with metastatic colorectal cancer,MSI-H / dMMR / Nivolumab,standard chemotherapy,durable response rate,benefit,HR=0.64 (95% CI 0.54-0.75),725,randomization reported,EHR_Oncology_Registry,10.1016/j.cell.2025.174,80,"In 725 patients with metastatic colorectal cancer, MSI-H / dMMR / Nivolumab demonstrated significant durable response rate vs standard chemotherapy (HR=0.64 (95% CI 0.54-0.75))."
ABST_0174,38000174,10.1016/j.cell.2025.981,Systematic-Review,Adults with unresectable BRAF-mutated melanoma,BRAF V600E / Dabrafenib + Trametinib,standard of care / control,overall survival,benefit,HR=0.64 (95% CI 0.54-0.75),7570,industry funded,Cochrane_Guideline_Repo,10.1016/j.cell.2025.981,100,"In 7570 patients with unresectable BRAF-mutated melanoma, BRAF V600E / Dabrafenib + Trametinib demonstrated significant overall survival vs standard of care / control (HR=0.64 (95% CI 0.54-0.75))."
ABST_0175,38000175,10.1016/j.cell.2025.373,Systematic-Review,Adults with high-grade serous ovarian cancer,BRCA1/2 Mutation / Olaparib,standard of care / control,progression-free survival,benefit,HR=0.56 (95% CI 0.46-0.67),2329,none,Cochrane_Guideline_Repo,10.1016/j.cell.2025.373,100,"In 2329 patients with high-grade serous ovarian cancer, BRCA1/2 Mutation / Olaparib demonstrated significant progression-free survival vs standard of care / control (HR=0.56 (95% CI 0.46-0.67))."
ABST_0176,38000176,10.1016/j.cell.2025.986,RCT,Adults with metastatic colorectal cancer,MSI-H / dMMR / Nivolumab,standard chemotherapy,durable response rate,no-effect,mean diff = 0.05 (p=0.42),841,randomization reported; blinding reported; single-center; industry funded,EHR_Oncology_Registry,10.1016/j.cell.2025.986,80,"In 841 patients with metastatic colorectal cancer, MSI-H / dMMR / Nivolumab demonstrated significant durable response rate vs standard chemotherapy (mean diff = 0.05 (p=0.42))."
ABST_0177,38000177,10.1016/j.cell.2025.415,RCT,Adults with ALK-positive advanced NSCLC,ALK Rearrangement / Alectinib,standard chemotherapy,progression-free survival,benefit,HR=0.64 (95% CI 0.54-0.75),718,randomization reported; blinding reported,EHR_Oncology_Registry,10.1016/j.cell.2025.415,80,"In 718 patients with ALK-positive advanced NSCLC, ALK Rearrangement / Alectinib demonstrated significant progression-free survival vs standard chemotherapy (HR=0.64 (95% CI 0.54-0.75))."
ABST_0178,38000178,10.1016/j.cell.2025.711,RCT,Adults with metastatic NSCLC,PD-L1 / Pembrolizumab,standard chemotherapy,overall survival,benefit,HR=0.66 (95% CI 0.56-0.77),799,randomization reported; single-center; industry funded,EHR_Oncology_Registry,10.1016/j.cell.2025.711,80,"In 799 patients with metastatic NSCLC, PD-L1 / Pembrolizumab demonstrated significant overall survival vs standard chemotherapy (HR=0.66 (95% CI 0.56-0.77))."
ABST_0179,38000179,10.1016/j.cell.2025.882,RCT,Adults with KRAS G12C advanced NSCLC,KRAS G12C Mutation / Sotorasib,standard chemotherapy,overall survival,benefit,HR=0.54 (95% CI 0.44-0.65),825,randomization reported; industry funded,EHR_Oncology_Registry,10.1016/j.cell.2025.882,80,"In 825 patients with KRAS G12C advanced NSCLC, KRAS G12C Mutation / Sotorasib demonstrated significant overall survival vs standard chemotherapy (HR=0.54 (95% CI 0.44-0.65))."
ABST_0180,38000180,10.1016/j.cell.2025.386,RCT,Adults with ALK-positive advanced NSCLC,ALK Rearrangement / Alectinib,standard chemotherapy,progression-free survival,benefit,HR=0.7 (95% CI 0.6-0.81),381,randomization reported; blinding reported,EHR_Oncology_Registry,10.1016/j.cell.2025.386,80,"In 381 patients with ALK-positive advanced NSCLC, ALK Rearrangement / Alectinib demonstrated significant progression-free survival vs standard chemotherapy (HR=0.7 (95% CI 0.6-0.81))."
ABST_0181,38000181,10.1016/j.cell.2025.474,Cohort,Adults with unresectable BRAF-mutated melanoma,BRAF V600E / Dabrafenib + Trametinib,biomarker-negative cohort,overall survival,benefit,HR=0.67 (95% CI 0.57-0.78),336,single-center; industry funded,EHR_Oncology_Registry,10.1016/j.cell.2025.474,65,"In 336 patients with unresectable BRAF-mutated melanoma, BRAF V600E / Dabrafenib + Trametinib demonstrated significant overall survival vs biomarker-negative cohort (HR=0.67 (95% CI 0.57-0.78))."
ABST_0182,38000182,10.1016/j.cell.2025.631,Cohort,Adults with unresectable BRAF-mutated melanoma,BRAF V600E / Dabrafenib + Trametinib,biomarker-negative cohort,overall survival,benefit,HR=0.67 (95% CI 0.57-0.78),247,none,EHR_Oncology_Registry,10.1016/j.cell.2025.631,65,"In 247 patients with unresectable BRAF-mutated melanoma, BRAF V600E / Dabrafenib + Trametinib demonstrated significant overall survival vs biomarker-negative cohort (HR=0.67 (95% CI 0.57-0.78))."
ABST_0183,38000183,10.1016/j.cell.2025.857,Case-Series,Adults with metastatic colorectal cancer,MSI-H / dMMR / Nivolumab,None,durable response rate,benefit,HR=0.67 (95% CI 0.57-0.78),47,none,EHR_Oncology_Registry,10.1016/j.cell.2025.857,65,"In 47 patients with metastatic colorectal cancer, MSI-H / dMMR / Nivolumab demonstrated significant durable response rate vs None (HR=0.67 (95% CI 0.57-0.78))."
ABST_0184,38000184,10.1016/j.cell.2025.117,RCT,Adults with KRAS G12C advanced NSCLC,KRAS G12C Mutation / Sotorasib,standard chemotherapy,overall survival,benefit,HR=0.81 (95% CI 0.71-0.92),847,randomization reported; blinding reported,EHR_Oncology_Registry,10.1016/j.cell.2025.117,80,"In 847 patients with KRAS G12C advanced NSCLC, KRAS G12C Mutation / Sotorasib demonstrated significant overall survival vs standard chemotherapy (HR=0.81 (95% CI 0.71-0.92))."
ABST_0185,38000185,10.1016/j.cell.2025.371,RCT,Adults with metastatic NSCLC,PD-L1 / Pembrolizumab,standard chemotherapy,overall survival,no-effect,mean diff = 0.05 (p=0.42),1044,randomization reported; blinding reported; industry funded,EHR_Oncology_Registry,10.1016/j.cell.2025.371,80,"In 1044 patients with metastatic NSCLC, PD-L1 / Pembrolizumab demonstrated significant overall survival vs standard chemotherapy (mean diff = 0.05 (p=0.42))."
ABST_0186,38000186,10.1016/j.cell.2025.744,RCT,Adults with ALK-positive advanced NSCLC,ALK Rearrangement / Alectinib,standard chemotherapy,progression-free survival,no-effect,mean diff = 0.05 (p=0.42),639,randomization reported; industry funded,EHR_Oncology_Registry,10.1016/j.cell.2025.744,80,"In 639 patients with ALK-positive advanced NSCLC, ALK Rearrangement / Alectinib demonstrated significant progression-free survival vs standard chemotherapy (mean diff = 0.05 (p=0.42))."
ABST_0187,38000187,10.1016/j.cell.2025.551,Systematic-Review,Adults with EGFR-mutated NSCLC,EGFR Mutation / Osimertinib,standard of care / control,progression-free survival,benefit,HR=0.57 (95% CI 0.47-0.68),4840,none,Cochrane_Guideline_Repo,10.1016/j.cell.2025.551,100,"In 4840 patients with EGFR-mutated NSCLC, EGFR Mutation / Osimertinib demonstrated significant progression-free survival vs standard of care / control (HR=0.57 (95% CI 0.47-0.68))."
ABST_0188,38000188,10.1016/j.cell.2025.853,RCT,Adults with ALK-positive advanced NSCLC,ALK Rearrangement / Alectinib,standard chemotherapy,progression-free survival,no-effect,mean diff = 0.05 (p=0.42),781,randomization reported,EHR_Oncology_Registry,10.1016/j.cell.2025.853,80,"In 781 patients with ALK-positive advanced NSCLC, ALK Rearrangement / Alectinib demonstrated significant progression-free survival vs standard chemotherapy (mean diff = 0.05 (p=0.42))."
ABST_0189,38000189,10.1016/j.cell.2025.277,RCT,Adults with metastatic colorectal cancer,MSI-H / dMMR / Nivolumab,standard chemotherapy,durable response rate,benefit,HR=0.68 (95% CI 0.58-0.79),942,randomization reported; blinding reported,EHR_Oncology_Registry,10.1016/j.cell.2025.277,80,"In 942 patients with metastatic colorectal cancer, MSI-H / dMMR / Nivolumab demonstrated significant durable response rate vs standard chemotherapy (HR=0.68 (95% CI 0.58-0.79))."
ABST_0190,38000190,10.1016/j.cell.2025.296,RCT,Adults with KRAS G12C advanced NSCLC,KRAS G12C Mutation / Sotorasib,standard chemotherapy,overall survival,benefit,HR=0.61 (95% CI 0.51-0.72),554,randomization reported; blinding reported,EHR_Oncology_Registry,10.1016/j.cell.2025.296,80,"In 554 patients with KRAS G12C advanced NSCLC, KRAS G12C Mutation / Sotorasib demonstrated significant overall survival vs standard chemotherapy (HR=0.61 (95% CI 0.51-0.72))."
ABST_0191,38000191,10.1016/j.cell.2025.457,RCT,Adults with ALK-positive advanced NSCLC,ALK Rearrangement / Alectinib,standard chemotherapy,progression-free survival,harm,HR=1.45 (95% CI 1.12-1.88),988,randomization reported; single-center,EHR_Oncology_Registry,10.1016/j.cell.2025.457,80,"In 988 patients with ALK-positive advanced NSCLC, ALK Rearrangement / Alectinib demonstrated significant progression-free survival vs standard chemotherapy (HR=1.45 (95% CI 1.12-1.88))."
ABST_0192,38000192,10.1016/j.cell.2025.504,RCT,Adults with metastatic colorectal cancer,MSI-H / dMMR / Nivolumab,standard chemotherapy,durable response rate,harm,HR=1.45 (95% CI 1.12-1.88),1073,randomization reported; single-center,EHR_Oncology_Registry,10.1016/j.cell.2025.504,80,"In 1073 patients with metastatic colorectal cancer, MSI-H / dMMR / Nivolumab demonstrated significant durable response rate vs standard chemotherapy (HR=1.45 (95% CI 1.12-1.88))."
ABST_0193,38000193,10.1016/j.cell.2025.552,RCT,Adults with EGFR-mutated NSCLC,EGFR Mutation / Osimertinib,standard chemotherapy,progression-free survival,no-effect,mean diff = 0.05 (p=0.42),469,randomization reported,EHR_Oncology_Registry,10.1016/j.cell.2025.552,80,"In 469 patients with EGFR-mutated NSCLC, EGFR Mutation / Osimertinib demonstrated significant progression-free survival vs standard chemotherapy (mean diff = 0.05 (p=0.42))."
ABST_0194,38000194,,Case-Series,Adults with KRAS G12C advanced NSCLC,KRAS G12C Mutation / Sotorasib,None,overall survival,benefit,HR=0.59 (95% CI 0.49-0.7),57,industry funded,EHR_Oncology_Registry,,50,"In 57 patients with KRAS G12C advanced NSCLC, KRAS G12C Mutation / Sotorasib demonstrated significant overall survival vs None (HR=0.59 (95% CI 0.49-0.7))."
ABST_0195,38000195,,RCT,Adults with high-grade serous ovarian cancer,BRCA1/2 Mutation / Olaparib,standard chemotherapy,progression-free survival,no-effect,mean diff = 0.05 (p=0.42),352,randomization reported; blinding reported; single-center,EHR_Oncology_Registry,,65,"In 352 patients with high-grade serous ovarian cancer, BRCA1/2 Mutation / Olaparib demonstrated significant progression-free survival vs standard chemotherapy (mean diff = 0.05 (p=0.42))."
ABST_0196,38000196,10.1016/j.cell.2025.999,Systematic-Review,Adults with HER2+ metastatic breast cancer,HER2 Overexpression / Trastuzumab,standard of care / control,objective response rate,benefit,HR=0.72 (95% CI 0.62-0.83),6206,none,Cochrane_Guideline_Repo,10.1016/j.cell.2025.999,100,"In 6206 patients with HER2+ metastatic breast cancer, HER2 Overexpression / Trastuzumab demonstrated significant objective response rate vs standard of care / control (HR=0.72 (95% CI 0.62-0.83))."
ABST_0197,38000197,10.1016/j.cell.2025.337,Cohort,Adults with EGFR-mutated NSCLC,EGFR Mutation / Osimertinib,biomarker-negative cohort,progression-free survival,no-effect,mean diff = 0.05 (p=0.42),99,industry funded,EHR_Oncology_Registry,10.1016/j.cell.2025.337,65,"In 99 patients with EGFR-mutated NSCLC, EGFR Mutation / Osimertinib demonstrated significant progression-free survival vs biomarker-negative cohort (mean diff = 0.05 (p=0.42))."
ABST_0198,38000198,10.1016/j.cell.2025.137,RCT,Adults with HER2+ metastatic breast cancer,HER2 Overexpression / Trastuzumab,standard chemotherapy,objective response rate,benefit,HR=0.67 (95% CI 0.57-0.78),1016,randomization reported; blinding reported,EHR_Oncology_Registry,10.1016/j.cell.2025.137,80,"In 1016 patients with HER2+ metastatic breast cancer, HER2 Overexpression / Trastuzumab demonstrated significant objective response rate vs standard chemotherapy (HR=0.67 (95% CI 0.57-0.78))."
ABST_0199,38000199,10.1016/j.cell.2025.717,Case-Series,Adults with metastatic NSCLC,PD-L1 / Pembrolizumab,None,overall survival,harm,HR=1.45 (95% CI 1.12-1.88),33,preprint,medRxiv_Preprint,10.1016/j.cell.2025.717; local_note_draft,50,"In 33 patients with metastatic NSCLC, PD-L1 / Pembrolizumab demonstrated significant overall survival vs None (HR=1.45 (95% CI 1.12-1.88))."
ABST_0200,38000200,10.1016/j.cell.2025.237,Systematic-Review,Adults with ALK-positive advanced NSCLC,ALK Rearrangement / Alectinib,standard of care / control,progression-free survival,harm,HR=1.45 (95% CI 1.12-1.88),9168,none,Cochrane_Guideline_Repo,10.1016/j.cell.2025.237,100,"In 9168 patients with ALK-positive advanced NSCLC, ALK Rearrangement / Alectinib demonstrated significant progression-free survival vs standard of care / control (HR=1.45 (95% CI 1.12-1.88))."
